--
-- Estrutura da tabela `admin`
--

CREATE TABLE IF NOT EXISTS `admin` (
  `nome` varchar(255) NOT NULL,
  `login` varchar(20) NOT NULL,
  `senha` varchar(20) NOT NULL,
  PRIMARY KEY  (`login`)
) ENGINE=InnoDB DEFAULT CHARSET=latin1;

--
-- Extraindo dados da tabela `admin`
--

INSERT INTO `admin` (`nome`, `login`, `senha`) VALUES
('Administrador', 'chutabolao', 'corporativa');

-- --------------------------------------------------------

--
-- Estrutura da tabela `aposta`
--

CREATE TABLE IF NOT EXISTS `aposta` (
  `usuario_id` bigint(20) NOT NULL default '0',
  `campeonato_id` int(255) NOT NULL default '0',
  `jogo_id` int(11) NOT NULL default '0',
  `apostaGolsTime1` int(11) default NULL,
  `apostaGolsTime2` int(11) default NULL,
  `pontosAposta` int(11) default NULL,
  PRIMARY KEY  (`usuario_id`,`campeonato_id`,`jogo_id`),
  KEY `usuario_id` (`usuario_id`),
  KEY `campeonato_id` (`campeonato_id`),
  KEY `jogo_id` (`jogo_id`)
) ENGINE=InnoDB DEFAULT CHARSET=latin1;

--
-- Extraindo dados da tabela `aposta`
--

INSERT INTO `aposta` (`usuario_id`, `campeonato_id`, `jogo_id`, `apostaGolsTime1`, `apostaGolsTime2`, `pontosAposta`) VALUES
(836971939, 1, 8, 0, 0, 10),
(836971939, 1, 9, 2, 1, 0),
(836971939, 1, 10, 1, 1, 0),
(836971939, 1, 11, 1, 2, 0),
(836971939, 1, 12, 1, 1, 0),
(836971939, 1, 13, 2, 0, 5),
(836971939, 1, 14, 1, 1, 5),
(836971939, 1, 15, 1, 2, 0),
(836971939, 1, 16, 2, 1, 0),
(836971939, 1, 17, 2, 1, 0),
(836971939, 1, 18, 2, 1, 10),
(836971939, 1, 19, 1, 1, 0),
(836971939, 1, 20, 1, 0, 5),
(1061637097, 1, 1, 0, 1, 0),
(1061637097, 1, 2, 0, 2, 5),
(1061637097, 1, 3, 2, 1, 5),
(1061637097, 1, 4, 0, 1, 5),
(1061637097, 1, 5, 3, 1, 5),
(1061637097, 1, 6, 1, 1, 0),
(1061637097, 1, 7, 0, 3, 0),
(1061637097, 1, 8, 1, 0, 0),
(1061637097, 1, 9, 2, 0, 2),
(1061637097, 1, 10, 1, 2, 0),
(1130122019, 1, 1, 2, 1, 0),
(1130122019, 1, 2, 1, 2, 5),
(1130122019, 1, 3, 3, 3, 0),
(1130122019, 1, 4, 3, 1, 0),
(1130122019, 1, 5, 1, 0, 5),
(1130122019, 1, 6, 2, 3, 0),
(1130122019, 1, 7, 1, 2, 0),
(1130122019, 1, 8, 2, 1, 0),
(1130122019, 1, 9, 2, 0, 2),
(1130122019, 1, 10, 3, 0, 5),
(1130122019, 1, 11, 2, 1, 0),
(1130122019, 1, 12, 3, 2, 5),
(1130122019, 1, 13, 3, 1, 5),
(1130122019, 1, 14, 2, 2, 5),
(1130122019, 1, 15, 2, 1, 5),
(1130122019, 1, 16, 1, 1, 5),
(1130122019, 1, 17, 1, 2, 0),
(1130122019, 1, 18, 1, 1, 0),
(1130122019, 1, 19, 1, 3, 0),
(1130122019, 1, 20, 2, 2, 0),
(1130122019, 1, 21, 0, 2, 0),
(1130122019, 1, 22, 2, 1, 0),
(1130122019, 1, 23, 1, 2, 10),
(1130122019, 1, 24, 2, 0, 10),
(1130122019, 1, 25, 2, 1, 0),
(1130122019, 1, 26, 3, 1, 5),
(1130122019, 1, 27, 3, 0, 5),
(1130122019, 1, 28, 2, 2, 0),
(1130122019, 1, 29, 2, 1, 2),
(1130122019, 1, 30, 1, 1, 0),
(1130122019, 1, 63, 1, 2, 5),
(1130122019, 1, 64, 3, 0, 0),
(1130122019, 1, 65, 2, 0, 0),
(1130122019, 1, 66, 1, 1, 5),
(1130122019, 1, 67, 3, 1, 5),
(1130122019, 1, 68, 1, 2, 5),
(1130122019, 1, 69, 3, 2, 0),
(1130122019, 1, 70, 3, 1, 5),
(1130122019, 1, 71, 2, 3, 0),
(1130122019, 1, 72, 3, 1, 5),
(1130122019, 1, 75, 3, 1, 0),
(1130122019, 1, 76, 1, 0, 2),
(1130122019, 1, 77, 2, 2, 0),
(1130122019, 1, 78, 2, 1, 5),
(1130122019, 1, 79, 2, 0, 5),
(1130122019, 1, 80, 3, 2, 0),
(1130122019, 1, 81, 2, 1, 5),
(1130122019, 1, 82, 1, 2, 10),
(1130122019, 1, 83, 2, 2, 0),
(1130122019, 1, 84, 1, 3, 0),
(1130122019, 1, 95, 3, 1, 0),
(1130122019, 1, 96, 2, 2, 5),
(1130122019, 1, 97, 1, 2, 0),
(1130122019, 1, 98, 2, 0, 2),
(1130122019, 1, 99, 2, 1, 5),
(1130122019, 1, 100, 3, 1, 5),
(1130122019, 1, 101, 2, 1, 5),
(1130122019, 1, 102, 2, 0, 0),
(1130122019, 1, 103, 2, 1, 5),
(1130122019, 1, 104, 2, 3, 5),
(1130122019, 1, 115, 2, 0, 5),
(1130122019, 1, 116, 3, 1, 5),
(1130122019, 1, 117, 2, 1, 5),
(1130122019, 1, 118, 2, 1, 5),
(1130122019, 1, 119, 2, 0, 5),
(1130122019, 1, 120, 2, 1, 5),
(1130122019, 1, 121, 3, 1, 5),
(1130122019, 1, 122, 2, 1, 0),
(1130122019, 1, 123, 2, 2, 0),
(1130122019, 1, 125, 1, 2, 2),
(1130122019, 2, 53, 2, 1, 0),
(1130122019, 2, 54, 3, 1, 0),
(1130122019, 2, 55, 2, 1, 5),
(1130122019, 2, 56, 2, 1, 5),
(1130122019, 2, 57, 0, 2, 0),
(1130122019, 2, 58, 2, 0, 10),
(1130122019, 2, 59, 1, 3, 0),
(1130122019, 2, 60, 0, 2, 5),
(1130122019, 2, 61, 3, 1, 0),
(1130122019, 2, 62, 1, 0, 5),
(1130122019, 2, 90, 2, 1, 0),
(1130122019, 2, 91, 2, 2, 0),
(1130122019, 2, 92, 1, 3, 5),
(1130122019, 2, 93, 1, 2, 0),
(1130122019, 2, 94, 3, 1, 5),
(1130122019, 2, 105, 2, 0, 5),
(1130122019, 2, 106, 1, 2, 0),
(1130122019, 2, 107, 2, 1, 5),
(1130122019, 2, 108, 2, 0, 5),
(1130122019, 2, 109, 2, 2, 5),
(1130122019, 2, 110, 1, 2, 0),
(1130122019, 2, 111, 2, 0, 0),
(1130122019, 2, 112, 2, 0, 0),
(1130122019, 2, 113, 2, 1, 0),
(1130122019, 2, 114, 1, 1, 10),
(1130122019, 3, 31, 3, 1, 0),
(1130122019, 3, 32, 2, 0, 10),
(1130122019, 3, 33, 4, 1, 5),
(1130122019, 3, 34, 1, 2, 0),
(1130122019, 3, 35, 2, 0, 5),
(1130122019, 3, 36, 2, 0, 5),
(1130122019, 3, 37, 4, 1, 0),
(1130122019, 3, 38, 2, 2, 0),
(1130122019, 3, 39, 2, 2, 0),
(1130122019, 3, 40, 3, 0, 10),
(1130122019, 3, 41, 2, 1, 0),
(1130122019, 3, 42, 1, 1, 5),
(1130122019, 3, 43, 2, 0, 0),
(1130122019, 3, 44, 3, 1, 5),
(1130122019, 3, 45, 1, 2, 0),
(1130122019, 3, 46, 2, 1, 0),
(1130122019, 3, 47, 2, 1, 5),
(1130122019, 3, 48, 1, 1, 0),
(1130122019, 3, 49, 3, 2, 10),
(1130122019, 3, 50, 2, 1, 0),
(1130122019, 3, 51, 2, 3, 5),
(1130122019, 3, 52, 3, 1, 5),
(1130122019, 3, 73, 3, 1, 0),
(1130122019, 3, 74, 3, 1, 0),
(1145531078, 1, 63, 2, 2, 0),
(1145531078, 1, 64, 2, 3, 0),
(1145531078, 1, 65, 3, 2, 0),
(1145531078, 1, 66, 1, 2, 0),
(1145531078, 1, 67, 0, 0, 0),
(1145531078, 1, 68, 0, 2, 10),
(1145531078, 1, 69, 2, 2, 0),
(1145531078, 1, 70, 4, 2, 5),
(1145531078, 1, 71, 3, 4, 0),
(1145531078, 1, 72, 3, 3, 0),
(1145531078, 3, 73, 3, 1, 0),
(1374603026, 1, 7, 1, 3, 0),
(1512773485, 3, 74, 2, 1, 2),
(1614334792, 1, 9, 3, 0, 0),
(1686162406, 1, 1, 1, 2, 0),
(1686162406, 1, 2, 0, 1, 10),
(1686162406, 1, 3, 1, 1, 0),
(1686162406, 1, 4, 0, 2, 5),
(1686162406, 1, 5, 2, 1, 5),
(1686162406, 1, 6, 1, 2, 0),
(1686162406, 1, 7, 1, 1, 0),
(1686162406, 1, 8, 0, 1, 0),
(1686162406, 1, 9, 2, 1, 0),
(1686162406, 1, 10, 2, 1, 5),
(1686162406, 1, 14, 2, 2, 5),
(1686162406, 1, 15, 1, 1, 0),
(1686162406, 1, 16, 1, 2, 0),
(1686162406, 1, 17, 1, 1, 5),
(1686162406, 1, 18, 1, 2, 2),
(1686162406, 1, 19, 2, 2, 0),
(1686162406, 1, 20, 2, 0, 5),
(1824737972, 1, 1, 1, 1, 10),
(1824737972, 1, 2, 1, 3, 5),
(1824737972, 1, 3, 0, 0, 0),
(1824737972, 1, 4, 0, 1, 5),
(1824737972, 1, 5, 1, 1, 0),
(1824737972, 1, 6, 0, 1, 2),
(1824737972, 1, 7, 0, 3, 0),
(1824737972, 1, 8, 3, 0, 0),
(1824737972, 1, 9, 1, 0, 0),
(1824737972, 1, 10, 2, 0, 10),
(100000037362683, 1, 11, 3, 1, 0),
(100000037362683, 1, 12, 0, 1, 0),
(100000037362683, 1, 13, 4, 0, 5),
(100000037362683, 1, 14, 2, 2, 5),
(100000037362683, 1, 15, 2, 0, 5),
(100000037362683, 1, 16, 3, 2, 0),
(100000037362683, 1, 17, 1, 2, 0),
(100000037362683, 1, 18, 2, 1, 10),
(100000037362683, 1, 19, 3, 2, 5),
(100000037362683, 1, 20, 3, 1, 10),
(100000037362683, 1, 95, 3, 2, 0),
(100000037362683, 1, 96, 1, 1, 10),
(100000037362683, 1, 97, 1, 2, 0),
(100000037362683, 1, 98, 3, 1, 0),
(100000037362683, 1, 99, 2, 0, 10),
(100000037362683, 1, 100, 2, 0, 5),
(100000037362683, 1, 101, 2, 1, 5),
(100000037362683, 1, 102, 2, 0, 0),
(100000037362683, 1, 103, 2, 1, 5),
(100000037362683, 1, 104, 1, 3, 10),
(100000037362683, 2, 105, 1, 0, 5),
(100000037362683, 2, 106, 3, 2, 5),
(100000037362683, 2, 107, 3, 1, 5),
(100000037362683, 2, 108, 2, 2, 0),
(100000037362683, 2, 109, 2, 0, 0),
(100000039271259, 1, 1, 1, 1, 10),
(100000039271259, 1, 2, 0, 3, 5),
(100000039271259, 1, 3, 1, 2, 0),
(100000039271259, 1, 4, 0, 2, 5),
(100000039271259, 1, 5, 1, 0, 5),
(100000039271259, 1, 6, 2, 2, 0),
(100000039271259, 1, 7, 0, 1, 0),
(100000039271259, 1, 8, 1, 0, 0),
(100000039271259, 1, 9, 2, 0, 2),
(100000039271259, 1, 10, 1, 2, 0),
(100000050242782, 1, 11, 0, 2, 0),
(100000050242782, 1, 12, 1, 2, 2),
(100000050242782, 1, 13, 1, 1, 0),
(100000050242782, 1, 14, 1, 2, 0),
(100000050242782, 1, 15, 1, 0, 5),
(100000050242782, 1, 16, 1, 1, 5),
(100000050242782, 1, 17, 1, 2, 0),
(100000050242782, 1, 18, 2, 0, 5),
(100000050242782, 1, 19, 1, 2, 2),
(100000050242782, 1, 20, 1, 0, 5),
(100000093729132, 1, 1, 2, 0, 0),
(100000109865337, 2, 136, 2, 3, 0),
(100000109865337, 2, 137, 1, 0, 0),
(100000109865337, 2, 138, 2, 1, 0),
(100000122625619, 1, 8, 3, 1, 0),
(100000122625619, 1, 9, 2, 0, 2),
(100000122625619, 1, 10, 1, 2, 0),
(100000122625619, 1, 11, 1, 0, 0),
(100000122625619, 1, 12, 0, 1, 0),
(100000122625619, 1, 13, 2, 0, 5),
(100000122625619, 1, 100, 1, 3, 0),
(100000400064551, 1, 99, 3, 0, 5),
(100000400064551, 1, 100, 2, 0, 5),
(100000400064551, 1, 101, 0, 2, 0),
(100000400064551, 1, 102, 1, 0, 0),
(100000400064551, 1, 103, 1, 1, 0),
(100000400064551, 2, 53, 0, 3, 5),
(100000400064551, 2, 54, 1, 1, 0),
(100000400064551, 2, 55, 2, 0, 5),
(100000400064551, 2, 105, 3, 2, 5),
(100000400064551, 2, 106, 0, 0, 0),
(100000400064551, 2, 107, 1, 1, 0),
(100000400064551, 2, 108, 2, 0, 5),
(100000400064551, 2, 109, 1, 0, 0),
(100000400064551, 3, 51, 1, 1, 0),
(100000400064551, 3, 52, 2, 1, 5),
(100000665046502, 1, 63, 0, 2, 10),
(100000665046502, 1, 64, 3, 1, 0),
(100000665046502, 1, 65, 2, 0, 0),
(100000665046502, 1, 66, 1, 1, 5),
(100000665046502, 1, 67, 0, 1, 0),
(100000665046502, 1, 68, 2, 1, 0),
(100000665046502, 1, 69, 2, 1, 2),
(100000665046502, 1, 70, 3, 2, 5),
(100000665046502, 1, 71, 1, 1, 5),
(100000665046502, 1, 72, 1, 1, 0),
(100000665046502, 1, 75, 2, 0, 0),
(100000665046502, 1, 76, 1, 0, 2),
(100000665046502, 1, 77, 1, 1, 0),
(100000665046502, 1, 78, 1, 1, 0),
(100000665046502, 2, 56, 2, 1, 5),
(100000665046502, 2, 57, 0, 1, 2),
(100000665046502, 2, 58, 3, 1, 5),
(100000665046502, 2, 59, 1, 0, 0),
(100000665046502, 2, 60, 0, 0, 0),
(100000665046502, 2, 61, 2, 1, 2),
(100000665046502, 2, 62, 1, 0, 5),
(100000665046502, 3, 73, 2, 1, 0),
(100000665046502, 3, 74, 3, 2, 0),
(100000698131637, 1, 102, 1, 0, 0),
(100000698131637, 1, 103, 2, 0, 5),
(100000765192683, 1, 25, 3, 1, 0),
(100000851489041, 1, 63, 0, 1, 5),
(100000851489041, 1, 64, 2, 0, 0),
(100000851489041, 1, 65, 3, 1, 0),
(100000851489041, 1, 66, 1, 0, 0),
(100000851489041, 1, 67, 1, 2, 0),
(100000851489041, 1, 68, 2, 0, 2),
(100000851489041, 2, 56, 3, 2, 5),
(100000851489041, 2, 57, 0, 2, 0),
(100000851489041, 3, 73, 1, 0, 0),
(100000877692701, 1, 1, 1, 2, 0),
(100000877692701, 1, 2, 0, 3, 5),
(100000877692701, 1, 3, 2, 0, 5),
(100000877692701, 1, 4, 1, 1, 0),
(100000877692701, 1, 5, 2, 0, 10),
(100000877692701, 1, 6, 2, 1, 5),
(100000877692701, 1, 7, 0, 3, 0),
(100000877692701, 1, 8, 0, 2, 0),
(100000877692701, 1, 9, 2, 0, 2),
(100000877692701, 1, 10, 1, 3, 0),
(100000877692701, 1, 11, 2, 2, 5),
(100000877692701, 1, 12, 2, 1, 10),
(100000877692701, 1, 13, 2, 0, 5),
(100000877692701, 1, 14, 1, 2, 0),
(100000877692701, 1, 15, 3, 1, 5),
(100000877692701, 1, 16, 2, 0, 0),
(100000877692701, 1, 17, 0, 2, 0),
(100000877692701, 1, 18, 3, 1, 5),
(100000877692701, 1, 19, 1, 3, 0),
(100000877692701, 1, 20, 1, 1, 0),
(100000877692701, 1, 63, 0, 3, 5),
(100000877692701, 1, 64, 2, 1, 0),
(100000877692701, 1, 65, 3, 1, 0),
(100000877692701, 1, 66, 2, 0, 0),
(100000877692701, 1, 67, 2, 1, 5),
(100000877692701, 1, 68, 2, 0, 2),
(100000877692701, 1, 69, 2, 1, 2),
(100000877692701, 1, 70, 1, 3, 0),
(100000877692701, 1, 71, 1, 2, 0),
(100000877692701, 1, 72, 1, 3, 0),
(100000877692701, 1, 75, 3, 0, 0),
(100000877692701, 1, 76, 2, 1, 0),
(100000877692701, 1, 77, 0, 3, 5),
(100000877692701, 1, 78, 2, 0, 10),
(100000877692701, 1, 79, 2, 0, 5),
(100000877692701, 1, 80, 2, 0, 0),
(100000877692701, 1, 81, 0, 2, 0),
(100000877692701, 1, 82, 0, 1, 5),
(100000877692701, 1, 83, 1, 2, 0),
(100000877692701, 1, 84, 0, 1, 0),
(100000877692701, 1, 95, 2, 0, 0),
(100000877692701, 1, 96, 1, 1, 10),
(100000877692701, 1, 97, 0, 3, 0),
(100000877692701, 1, 98, 0, 0, 0),
(100000877692701, 1, 99, 2, 0, 10),
(100000877692701, 1, 100, 2, 1, 5),
(100000877692701, 1, 101, 0, 3, 2),
(100000877692701, 1, 102, 2, 1, 0),
(100000877692701, 1, 103, 1, 1, 0),
(100000877692701, 1, 104, 0, 3, 5),
(100000877692701, 1, 118, 2, 1, 5),
(100000877692701, 1, 119, 2, 0, 5),
(100000877692701, 1, 120, 2, 1, 5),
(100000877692701, 1, 121, 2, 0, 5),
(100000877692701, 1, 122, 1, 3, 0),
(100000877692701, 1, 123, 0, 2, 0),
(100000877692701, 1, 125, 0, 1, 0),
(100000877692701, 2, 53, 0, 3, 5),
(100000877692701, 2, 54, 2, 1, 0),
(100000877692701, 2, 55, 2, 0, 5),
(100000877692701, 2, 56, 2, 0, 10),
(100000877692701, 2, 57, 1, 3, 0),
(100000877692701, 2, 85, 0, 1, 2),
(100000877692701, 2, 86, 2, 0, 10),
(100000877692701, 2, 87, 0, 1, 0),
(100000877692701, 2, 88, 2, 0, 10),
(100000877692701, 2, 89, 1, 2, 5),
(100000877692701, 2, 91, 0, 1, 5),
(100000877692701, 2, 92, 1, 2, 5),
(100000877692701, 2, 93, 0, 1, 0),
(100000877692701, 2, 94, 3, 1, 5),
(100000877692701, 2, 105, 2, 0, 5),
(100000877692701, 2, 106, 1, 3, 2),
(100000877692701, 2, 107, 2, 0, 5),
(100000877692701, 2, 108, 2, 0, 5),
(100000877692701, 2, 109, 1, 0, 0),
(100000877692701, 2, 136, 0, 1, 0),
(100000877692701, 2, 137, 0, 0, 0),
(100000877692701, 2, 138, 2, 1, 0),
(100000877692701, 3, 31, 1, 2, 0),
(100000877692701, 3, 32, 3, 0, 5),
(100000877692701, 3, 33, 2, 1, 5),
(100000877692701, 3, 34, 0, 3, 0),
(100000877692701, 3, 35, 1, 1, 0),
(100000877692701, 3, 36, 1, 2, 2),
(100000877692701, 3, 37, 4, 0, 0),
(100000877692701, 3, 38, 2, 1, 5),
(100000877692701, 3, 39, 0, 2, 0),
(100000877692701, 3, 40, 2, 1, 5),
(100000877692701, 3, 41, 3, 0, 0),
(100000877692701, 3, 42, 1, 2, 0),
(100000877692701, 3, 43, 2, 0, 0),
(100000877692701, 3, 44, 3, 1, 5),
(100000877692701, 3, 45, 2, 1, 5),
(100000877692701, 3, 46, 0, 2, 0),
(100000877692701, 3, 51, 1, 2, 5),
(100000877692701, 3, 52, 2, 0, 5),
(100000877692701, 3, 73, 1, 2, 5),
(100000877692701, 3, 74, 2, 0, 0),
(100000885523518, 1, 11, 1, 1, 5),
(100000885523518, 1, 12, 0, 1, 0),
(100000885523518, 1, 13, 2, 1, 5),
(100000885523518, 1, 14, 1, 1, 5),
(100000885523518, 1, 15, 2, 1, 5),
(100000885523518, 1, 16, 0, 0, 10),
(100000885523518, 1, 17, 2, 2, 5),
(100000885523518, 1, 18, 2, 1, 10),
(100000885523518, 1, 19, 1, 1, 0),
(100000885523518, 1, 20, 0, 1, 0),
(100000885523518, 1, 21, 0, 0, 0),
(100000885523518, 1, 22, 1, 1, 0),
(100000885523518, 1, 23, 0, 1, 5),
(100000885523518, 1, 25, 1, 2, 0),
(100000885523518, 1, 27, 3, 1, 10),
(100000885523518, 1, 29, 2, 1, 2),
(100000885523518, 1, 63, 0, 1, 5),
(100000885523518, 1, 64, 2, 0, 0),
(100000885523518, 1, 65, 3, 1, 0),
(100000885523518, 1, 75, 2, 0, 0),
(100000885523518, 1, 76, 2, 1, 0),
(100000885523518, 1, 77, 1, 2, 5),
(100000885523518, 1, 78, 0, 1, 0),
(100000885523518, 1, 80, 2, 1, 2),
(100000885523518, 1, 81, 1, 0, 10),
(100000885523518, 1, 95, 1, 2, 10),
(100000885523518, 1, 96, 2, 1, 0),
(100000885523518, 1, 97, 0, 2, 0),
(100000885523518, 1, 99, 1, 0, 5),
(100000885523518, 1, 102, 2, 0, 0),
(100000885523518, 1, 103, 2, 1, 5),
(100000885523518, 1, 104, 0, 1, 5),
(100000885523518, 1, 115, 2, 1, 5),
(100000885523518, 1, 116, 0, 3, 0),
(100000885523518, 1, 117, 1, 0, 5),
(100000885523518, 1, 118, 2, 1, 5),
(100000885523518, 1, 119, 2, 3, 2),
(100000885523518, 1, 120, 0, 2, 0),
(100000885523518, 1, 121, 3, 1, 5),
(100000885523518, 1, 122, 2, 3, 0),
(100000885523518, 1, 123, 0, 2, 0),
(100000885523518, 1, 125, 2, 0, 5),
(100000885523518, 2, 53, 1, 0, 0),
(100000885523518, 2, 54, 2, 0, 2),
(100000885523518, 2, 55, 2, 1, 5),
(100000885523518, 2, 105, 2, 2, 0),
(100000885523518, 2, 106, 3, 2, 5),
(100000885523518, 2, 107, 1, 0, 5),
(100000885523518, 2, 108, 1, 2, 2),
(100000885523518, 2, 109, 1, 1, 10),
(100000885523518, 2, 136, 0, 1, 0),
(100000885523518, 2, 137, 2, 0, 0),
(100000885523518, 2, 138, 1, 2, 0),
(100000885523518, 3, 31, 1, 2, 0),
(100000885523518, 3, 32, 3, 2, 5),
(100000885523518, 3, 33, 3, 1, 10),
(100000885523518, 3, 34, 1, 2, 0),
(100000885523518, 3, 35, 2, 1, 5),
(100000885523518, 3, 36, 2, 2, 0),
(100000885523518, 3, 37, 3, 2, 0),
(100000885523518, 3, 38, 3, 0, 5),
(100000885523518, 3, 39, 2, 1, 5),
(100000885523518, 3, 40, 3, 1, 5),
(100000885523518, 3, 41, 1, 0, 0),
(100000885523518, 3, 42, 2, 1, 0),
(100000885523518, 3, 45, 3, 2, 5),
(100000885523518, 3, 47, 2, 1, 5),
(100000885523518, 3, 48, 3, 0, 5),
(100000885523518, 3, 49, 3, 0, 5),
(100000885523518, 3, 50, 2, 1, 0),
(100000885523518, 3, 51, 3, 2, 0),
(100000885523518, 3, 52, 4, 2, 5),
(100000885523518, 3, 74, 3, 2, 0),
(100000893179119, 3, 31, 2, 1, 0),
(100000893179119, 3, 32, 2, 0, 10),
(100000893179119, 3, 33, 3, 0, 5),
(100000963789848, 1, 5, 2, 0, 10),
(100000963789848, 1, 6, 2, 2, 0),
(100000963789848, 1, 7, 0, 2, 0),
(100000963789848, 1, 8, 2, 0, 0),
(100000963789848, 1, 9, 2, 1, 0),
(100000963789848, 1, 10, 3, 1, 5),
(100000963789848, 1, 11, 1, 2, 0),
(100000963789848, 1, 12, 2, 0, 5),
(100000963789848, 1, 13, 3, 1, 5),
(100000963789848, 1, 14, 2, 0, 0),
(100000963789848, 1, 15, 3, 1, 5),
(100000963789848, 1, 16, 2, 0, 0),
(100000963789848, 1, 17, 2, 0, 0),
(100000963789848, 1, 18, 2, 1, 10),
(100000963789848, 1, 19, 2, 0, 5),
(100000963789848, 1, 20, 2, 1, 5),
(100000973543518, 1, 75, 2, 0, 0),
(100000973543518, 1, 76, 2, 1, 0),
(100000973543518, 1, 77, 1, 3, 5),
(100000973543518, 1, 78, 1, 1, 0),
(100000973543518, 1, 79, 2, 0, 5),
(100000973543518, 1, 80, 2, 3, 5),
(100000973543518, 1, 81, 3, 1, 5),
(100000973543518, 1, 82, 0, 2, 5),
(100000973543518, 1, 83, 2, 1, 5),
(100000973543518, 1, 84, 1, 3, 0),
(100000973543518, 1, 102, 2, 1, 0),
(100000973543518, 1, 103, 1, 0, 10),
(100000973543518, 1, 104, 1, 1, 0),
(100000973543518, 1, 115, 1, 2, 0),
(100000973543518, 1, 116, 3, 1, 5),
(100000973543518, 1, 117, 1, 2, 0),
(100000973543518, 2, 105, 2, 0, 5),
(100000973543518, 2, 106, 1, 2, 0),
(100000973543518, 2, 107, 2, 0, 5),
(100000973543518, 2, 108, 2, 1, 10),
(100000973543518, 2, 109, 1, 1, 10),
(100000973543518, 2, 110, 1, 2, 0),
(100000973543518, 2, 111, 2, 1, 0),
(100000973543518, 2, 112, 0, 0, 0),
(100000973543518, 2, 113, 0, 1, 5),
(100000973543518, 2, 114, 1, 1, 10),
(100000973543518, 3, 74, 3, 1, 0),
(100000989429009, 1, 75, 2, 0, 0),
(100000989429009, 1, 76, 3, 3, 0),
(100000989429009, 1, 77, 2, 4, 5),
(100000989429009, 1, 78, 0, 2, 2),
(100000989429009, 1, 79, 1, 0, 5),
(100000989429009, 1, 80, 2, 0, 0),
(100001134523722, 3, 31, 2, 1, 0),
(100001134523722, 3, 32, 4, 1, 5),
(100001134523722, 3, 33, 10, 2, 5),
(100001134523722, 3, 34, 2, 5, 0),
(100001134523722, 3, 35, 10, 0, 5),
(100001134523722, 3, 36, 2, 7, 0),
(100001134523722, 3, 37, 4, 2, 0),
(100001134523722, 3, 38, 3, 4, 0),
(100001204752179, 1, 75, 2, 1, 0),
(100001204752179, 1, 76, 2, 3, 5),
(100001204752179, 1, 77, 0, 3, 5),
(100001204752179, 1, 78, 1, 3, 0),
(100001204752179, 1, 79, 1, 4, 0),
(100001204752179, 1, 80, 3, 2, 0),
(100001204752179, 1, 81, 3, 2, 5),
(100001204752179, 1, 82, 2, 3, 5),
(100001204752179, 1, 83, 4, 3, 5),
(100001204752179, 1, 84, 3, 4, 0),
(100001241134861, 1, 95, 1, 2, 10),
(100001241134861, 1, 96, 3, 0, 0),
(100001241134861, 1, 97, 1, 1, 10),
(100001241134861, 1, 98, 0, 1, 5),
(100001241134861, 1, 99, 0, 3, 0),
(100001241134861, 1, 100, 0, 3, 0),
(100001241134861, 1, 101, 2, 3, 0),
(100001241134861, 1, 102, 1, 3, 0),
(100001241134861, 1, 103, 2, 1, 5),
(100001241134861, 1, 104, 2, 4, 5),
(100001248078738, 1, 8, 3, 2, 0),
(100001248078738, 1, 9, 3, 1, 0),
(100001248078738, 1, 10, 3, 0, 5),
(100001248078738, 1, 11, 0, 2, 0),
(100001248078738, 1, 12, 0, 1, 0),
(100001248078738, 1, 13, 1, 1, 0),
(100001248078738, 1, 14, 0, 2, 0),
(100001248078738, 1, 15, 2, 1, 5),
(100001248078738, 1, 16, 3, 0, 0),
(100001248078738, 1, 17, 0, 3, 0),
(100001248078738, 1, 18, 1, 2, 2),
(100001248078738, 1, 19, 2, 0, 5),
(100001248078738, 1, 20, 1, 3, 2),
(100001280191253, 1, 14, 1, 1, 5),
(100001280191253, 1, 15, 1, 2, 0),
(100001280191253, 1, 16, 2, 1, 0),
(100001280191253, 1, 17, 2, 2, 5),
(100001280191253, 1, 18, 2, 1, 10),
(100001280191253, 1, 19, 0, 1, 0),
(100001280191253, 1, 20, 2, 0, 5),
(100001280191253, 3, 37, 4, 1, 0),
(100001280191253, 3, 38, 2, 0, 5),
(100001543841823, 1, 3, 0, 1, 2),
(100001599862159, 1, 1, 0, 1, 0),
(100001599862159, 1, 2, 0, 2, 5),
(100001599862159, 1, 3, 2, 1, 5),
(100001599862159, 1, 4, 0, 2, 5),
(100001599862159, 1, 5, 1, 1, 0),
(100001599862159, 1, 6, 1, 2, 0),
(100001599862159, 1, 7, 0, 1, 0),
(100001599862159, 1, 8, 2, 1, 0),
(100001599862159, 1, 9, 1, 0, 0),
(100001599862159, 1, 10, 2, 2, 0),
(100001602968614, 1, 69, 2, 0, 0),
(100001644476049, 1, 1, 0, 0, 5),
(100001644476049, 1, 2, 1, 2, 5),
(100001644476049, 1, 3, 2, 2, 0),
(100001644476049, 1, 4, 1, 2, 5),
(100001644476049, 1, 5, 2, 1, 5),
(100001644476049, 1, 6, 1, 2, 0),
(100001644476049, 1, 7, 0, 3, 0),
(100001644476049, 1, 8, 2, 0, 0),
(100001644476049, 1, 9, 2, 0, 2),
(100001644476049, 1, 10, 2, 2, 0),
(100001644476049, 1, 11, 1, 2, 0),
(100001644476049, 1, 12, 0, 1, 0),
(100001644476049, 1, 13, 3, 0, 5),
(100001644476049, 1, 14, 1, 1, 5),
(100001644476049, 1, 15, 1, 1, 0),
(100001644476049, 1, 16, 1, 0, 0),
(100001644476049, 1, 17, 1, 3, 0),
(100001644476049, 1, 18, 2, 1, 10),
(100001644476049, 1, 19, 1, 2, 2),
(100001644476049, 1, 20, 1, 0, 5),
(100001644476049, 1, 75, 2, 0, 0),
(100001644476049, 1, 76, 0, 1, 10),
(100001644476049, 1, 77, 1, 1, 0),
(100001644476049, 1, 78, 1, 0, 5),
(100001644476049, 1, 79, 2, 1, 10),
(100001644476049, 1, 80, 2, 1, 2),
(100001644476049, 1, 81, 2, 2, 0),
(100001644476049, 1, 82, 0, 1, 5),
(100001644476049, 1, 83, 1, 3, 0),
(100001644476049, 1, 84, 0, 1, 0),
(100001644476049, 1, 102, 1, 1, 5),
(100001644476049, 1, 103, 2, 1, 5),
(100001644476049, 1, 104, 1, 1, 0),
(100001644476049, 1, 115, 1, 0, 10),
(100001644476049, 1, 116, 2, 0, 5),
(100001644476049, 1, 117, 1, 0, 5),
(100001644476049, 3, 74, 2, 1, 2),
(100001822348142, 1, 63, 2, 1, 0),
(100001822348142, 1, 64, 1, 3, 0),
(100001822348142, 1, 65, 0, 2, 0),
(100001822348142, 1, 66, 2, 0, 0),
(100001822348142, 1, 67, 1, 1, 0),
(100001822348142, 1, 68, 0, 2, 10),
(100001822348142, 1, 69, 2, 2, 0),
(100001822348142, 1, 70, 3, 1, 5),
(100001822348142, 1, 71, 0, 2, 0),
(100001822348142, 1, 72, 1, 0, 5),
(100001822348142, 1, 75, 2, 1, 0),
(100001822348142, 1, 76, 3, 2, 0),
(100001822348142, 1, 77, 1, 0, 2),
(100001822348142, 1, 78, 3, 0, 5),
(100001822348142, 1, 79, 2, 1, 10),
(100001822348142, 1, 80, 0, 2, 5),
(100001822348142, 1, 81, 3, 2, 5),
(100001822348142, 1, 82, 2, 0, 0),
(100001822348142, 1, 83, 1, 1, 0),
(100001822348142, 1, 84, 0, 3, 0),
(100001822348142, 1, 95, 2, 0, 0),
(100001822348142, 1, 96, 2, 2, 5),
(100001822348142, 1, 97, 1, 3, 0),
(100001822348142, 1, 98, 0, 2, 10),
(100001822348142, 1, 99, 1, 2, 0),
(100001822348142, 1, 100, 0, 3, 0),
(100001822348142, 1, 101, 2, 0, 5),
(100001822348142, 1, 102, 1, 3, 0),
(100001822348142, 1, 103, 0, 2, 0),
(100001822348142, 1, 104, 2, 3, 5),
(100001822348142, 1, 115, 1, 1, 0),
(100001822348142, 1, 116, 1, 2, 0),
(100001822348142, 1, 117, 0, 1, 0),
(100001822348142, 1, 118, 3, 1, 5),
(100001822348142, 1, 119, 2, 1, 5),
(100001822348142, 1, 120, 1, 0, 5),
(100001822348142, 1, 122, 2, 2, 5),
(100001822348142, 1, 123, 3, 1, 5),
(100001822348142, 1, 125, 2, 2, 0),
(100001822348142, 2, 53, 3, 1, 0),
(100001822348142, 2, 54, 2, 2, 0),
(100001822348142, 2, 55, 0, 2, 0),
(100001822348142, 2, 56, 3, 0, 5),
(100001822348142, 2, 57, 2, 1, 5),
(100001822348142, 2, 58, 2, 1, 5),
(100001822348142, 2, 59, 3, 3, 5),
(100001822348142, 2, 60, 0, 0, 0),
(100001822348142, 2, 61, 1, 2, 10),
(100001822348142, 2, 62, 0, 2, 0),
(100001822348142, 2, 85, 0, 1, 2),
(100001822348142, 2, 86, 3, 0, 5),
(100001822348142, 2, 87, 0, 2, 0),
(100001822348142, 2, 88, 1, 1, 0),
(100001822348142, 2, 89, 2, 1, 0),
(100001822348142, 2, 90, 0, 2, 5),
(100001822348142, 2, 91, 3, 1, 0),
(100001822348142, 2, 92, 3, 0, 0),
(100001822348142, 2, 93, 2, 2, 0),
(100001822348142, 2, 94, 1, 2, 0),
(100001822348142, 2, 106, 2, 1, 5),
(100001822348142, 2, 107, 1, 2, 0),
(100001822348142, 2, 108, 0, 3, 0),
(100001822348142, 2, 109, 1, 3, 0),
(100001822348142, 2, 110, 1, 2, 0),
(100001822348142, 2, 111, 2, 0, 0),
(100001822348142, 2, 112, 3, 0, 0),
(100001822348142, 2, 113, 0, 3, 5),
(100001822348142, 2, 114, 1, 0, 0),
(100001822348142, 2, 136, 2, 0, 0),
(100001822348142, 2, 137, 1, 0, 0),
(100001822348142, 2, 138, 1, 2, 0),
(100001822348142, 3, 51, 2, 1, 0),
(100001822348142, 3, 52, 3, 0, 10),
(100001822348142, 3, 73, 1, 2, 5),
(100001822348142, 3, 74, 2, 0, 0),
(100001946749940, 1, 1, 2, 0, 0),
(100001946749940, 1, 2, 0, 3, 5),
(100001946749940, 1, 3, 1, 1, 0),
(100001946749940, 1, 4, 2, 2, 0),
(100001946749940, 1, 5, 0, 1, 0),
(100001946749940, 1, 6, 2, 3, 0),
(100001946749940, 1, 7, 1, 2, 0),
(100001946749940, 1, 8, 1, 1, 5),
(100001946749940, 1, 9, 2, 1, 0),
(100001946749940, 1, 10, 1, 1, 0),
(100001966645651, 1, 11, 2, 1, 0),
(100001966645651, 1, 12, 0, 2, 0),
(100001966645651, 1, 13, 3, 0, 5),
(100001966645651, 1, 14, 2, 3, 0),
(100001966645651, 1, 15, 2, 0, 5),
(100001966645651, 1, 16, 3, 1, 0),
(100001966645651, 1, 17, 0, 2, 0),
(100001966645651, 1, 18, 2, 1, 10),
(100001966645651, 1, 19, 1, 2, 2),
(100001966645651, 1, 20, 0, 2, 0),
(100001975337999, 1, 115, 1, 0, 10),
(100001975337999, 1, 116, 3, 1, 5),
(100001975337999, 1, 117, 2, 0, 5),
(100001975337999, 1, 118, 2, 0, 5),
(100001975337999, 1, 119, 1, 0, 5),
(100001975337999, 1, 120, 2, 1, 5),
(100001975337999, 1, 121, 2, 0, 5),
(100001975337999, 1, 122, 1, 2, 0),
(100001975337999, 1, 123, 1, 1, 0),
(100001975337999, 1, 125, 0, 1, 0),
(100001984735537, 1, 8, 1, 1, 5),
(100001984735537, 1, 9, 2, 0, 2),
(100001984735537, 1, 10, 3, 0, 5),
(100001984735537, 1, 11, 2, 1, 0),
(100001984735537, 1, 12, 1, 2, 2),
(100001984735537, 1, 13, 3, 0, 5),
(100001984735537, 1, 14, 1, 1, 5),
(100001984735537, 1, 15, 2, 0, 5),
(100001984735537, 1, 16, 2, 1, 0),
(100001984735537, 1, 17, 1, 1, 5),
(100001984735537, 1, 18, 0, 0, 0),
(100001984735537, 1, 19, 2, 0, 5),
(100001984735537, 1, 20, 1, 0, 5),
(100001984735537, 1, 21, 0, 2, 0),
(100001984735537, 1, 22, 1, 2, 5),
(100001984735537, 1, 23, 0, 1, 5),
(100001984735537, 1, 24, 2, 2, 0),
(100001984735537, 1, 25, 2, 2, 5),
(100001984735537, 1, 26, 3, 1, 5),
(100001984735537, 1, 27, 2, 0, 5),
(100001984735537, 1, 28, 1, 1, 0),
(100001984735537, 1, 29, 3, 0, 0),
(100001984735537, 1, 30, 2, 0, 5),
(100001984735537, 1, 63, 1, 1, 0),
(100001984735537, 1, 64, 3, 1, 0),
(100001984735537, 1, 65, 3, 0, 0),
(100001984735537, 1, 66, 2, 0, 0),
(100001984735537, 1, 67, 0, 0, 0),
(100001984735537, 1, 68, 0, 0, 0),
(100001984735537, 1, 69, 2, 1, 2),
(100001984735537, 1, 70, 2, 0, 5),
(100001984735537, 1, 71, 0, 2, 0),
(100001984735537, 1, 72, 2, 1, 10),
(100001984735537, 1, 75, 2, 2, 10),
(100001984735537, 1, 76, 1, 0, 2),
(100001984735537, 1, 77, 2, 0, 0),
(100001984735537, 1, 78, 1, 2, 0),
(100001984735537, 1, 79, 3, 1, 5),
(100001984735537, 1, 80, 1, 1, 0),
(100001984735537, 1, 81, 2, 0, 5),
(100001984735537, 1, 82, 0, 1, 5),
(100001984735537, 1, 83, 3, 0, 5),
(100001984735537, 1, 84, 1, 2, 0),
(100001984735537, 2, 53, 3, 1, 0),
(100001984735537, 2, 54, 2, 0, 2),
(100001984735537, 2, 55, 1, 1, 0),
(100001984735537, 2, 56, 3, 0, 5),
(100001984735537, 2, 57, 2, 1, 5),
(100001984735537, 2, 58, 1, 1, 0),
(100001984735537, 2, 59, 1, 2, 0),
(100001984735537, 2, 60, 3, 2, 0),
(100001984735537, 2, 61, 2, 1, 2),
(100001984735537, 2, 62, 2, 2, 0),
(100001984735537, 2, 136, 3, 0, 0),
(100001984735537, 2, 137, 1, 2, 0),
(100001984735537, 2, 138, 0, 2, 0),
(100001984735537, 3, 41, 1, 1, 5),
(100001984735537, 3, 42, 2, 0, 0),
(100001984735537, 3, 43, 3, 0, 0),
(100001984735537, 3, 44, 4, 1, 5),
(100001984735537, 3, 45, 0, 2, 0),
(100001984735537, 3, 46, 3, 1, 0),
(100001984735537, 3, 47, 2, 0, 5),
(100001984735537, 3, 48, 3, 1, 5),
(100001984735537, 3, 49, 4, 0, 5),
(100001984735537, 3, 50, 2, 2, 5),
(100001984735537, 3, 51, 2, 1, 0),
(100001984735537, 3, 52, 3, 0, 10),
(100001984735537, 3, 73, 2, 1, 0),
(100001984735537, 3, 74, 3, 1, 0),
(100002018572350, 1, 102, 2, 0, 0),
(100002018572350, 1, 103, 1, 1, 0),
(100002018572350, 1, 104, 0, 2, 5),
(100002018572350, 1, 115, 1, 0, 10),
(100002018572350, 1, 116, 2, 0, 5),
(100002018572350, 1, 117, 0, 2, 0),
(100002018572350, 1, 118, 2, 1, 5),
(100002018572350, 1, 119, 1, 0, 5),
(100002018572350, 1, 120, 0, 0, 0),
(100002018572350, 1, 121, 2, 1, 5),
(100002018572350, 1, 122, 0, 1, 0),
(100002018572350, 1, 123, 0, 2, 0),
(100002018572350, 1, 125, 0, 2, 0),
(100002296771053, 2, 58, 2, 1, 5),
(100002296771053, 2, 59, 2, 1, 0),
(100002296771053, 2, 60, 0, 1, 5),
(100002296771053, 2, 61, 1, 1, 0),
(100002296771053, 2, 62, 1, 0, 5),
(100002303047228, 1, 115, 1, 1, 0),
(100002303047228, 1, 116, 2, 0, 5),
(100002303047228, 1, 117, 3, 2, 5),
(100002303047228, 1, 118, 1, 1, 0),
(100002303047228, 1, 119, 2, 1, 5),
(100002303047228, 1, 120, 1, 4, 0),
(100002303047228, 1, 121, 1, 1, 0),
(100002303047228, 1, 122, 0, 1, 0),
(100002303047228, 1, 123, 2, 0, 5),
(100002303047228, 1, 125, 0, 3, 0),
(100002303047228, 2, 113, 0, 2, 5),
(100002322151330, 1, 11, 1, 2, 0),
(100002322151330, 1, 12, 2, 2, 0),
(100002322151330, 1, 13, 1, 1, 0),
(100002322151330, 1, 14, 3, 2, 0),
(100002322151330, 1, 15, 0, 3, 0),
(100002322151330, 1, 16, 1, 1, 5),
(100002322151330, 1, 17, 0, 1, 0),
(100002322151330, 1, 18, 2, 4, 0),
(100002322151330, 1, 19, 2, 1, 10),
(100002322151330, 1, 20, 1, 1, 0),
(100002322151330, 1, 75, 2, 1, 0),
(100002322151330, 1, 95, 1, 4, 5),
(100002322151330, 1, 96, 3, 0, 0),
(100002322151330, 1, 97, 0, 1, 0),
(100002322151330, 1, 98, 2, 1, 0),
(100002322151330, 1, 99, 1, 1, 0),
(100002322151330, 1, 100, 2, 2, 0),
(100002322151330, 1, 101, 0, 1, 0),
(100002322151330, 1, 102, 0, 1, 0),
(100002322151330, 1, 103, 2, 0, 5),
(100002322151330, 1, 104, 0, 1, 5),
(100002322151330, 2, 136, 0, 1, 0),
(100002322151330, 2, 137, 1, 2, 0),
(100002322151330, 2, 138, 0, 0, 0),
(100002322151330, 3, 74, 2, 1, 2),
(100002402880745, 1, 75, 2, 2, 10),
(100002402880745, 1, 76, 1, 2, 5),
(100002402880745, 1, 77, 1, 0, 2),
(100002402880745, 1, 78, 1, 1, 0),
(100002402880745, 1, 79, 3, 0, 5),
(100002402880745, 1, 80, 1, 2, 10),
(100002402880745, 1, 81, 0, 1, 2),
(100002402880745, 1, 82, 0, 2, 5),
(100002402880745, 1, 83, 3, 1, 5),
(100002402880745, 1, 84, 0, 1, 0),
(100002450230439, 2, 85, 1, 0, 10),
(100002450230439, 2, 86, 3, 1, 5),
(100002450230439, 2, 87, 1, 1, 0),
(100002450230439, 2, 88, 0, 3, 0),
(100002450230439, 2, 89, 0, 2, 10),
(100002450230439, 2, 90, 0, 4, 5),
(100002450230439, 2, 91, 1, 2, 5),
(100002450230439, 2, 92, 1, 2, 5),
(100002450230439, 2, 93, 0, 0, 0),
(100002450230439, 2, 94, 1, 2, 0),
(100002540438249, 3, 74, 2, 3, 5),
(100002561910346, 1, 5, 1, 0, 5),
(100002561910346, 1, 6, 2, 1, 5),
(100002561910346, 1, 7, 0, 2, 0),
(100002561910346, 1, 8, 1, 0, 0),
(100002561910346, 1, 9, 2, 1, 0),
(100002561910346, 1, 10, 3, 0, 5),
(100002561910346, 1, 21, 0, 1, 0),
(100002561910346, 1, 22, 1, 0, 2),
(100002561910346, 1, 23, 1, 2, 10),
(100002561910346, 1, 24, 0, 0, 0),
(100002561910346, 1, 25, 1, 1, 5),
(100002561910346, 1, 26, 2, 0, 5),
(100002561910346, 1, 27, 1, 0, 5),
(100002561910346, 1, 28, 1, 2, 5),
(100002561910346, 1, 29, 1, 0, 0),
(100002561910346, 1, 30, 1, 2, 0),
(100002561910346, 3, 47, 1, 0, 5),
(100002561910346, 3, 48, 0, 2, 0),
(100002561910346, 3, 49, 3, 1, 5),
(100002561910346, 3, 50, 18, 19, 0),
(100002575172443, 1, 1, 1, 1, 10),
(100002575172443, 1, 2, 1, 3, 5),
(100002575172443, 1, 3, 2, 2, 0),
(100002575172443, 1, 4, 1, 2, 5),
(100002575172443, 1, 5, 1, 1, 0),
(100002575172443, 1, 8, 1, 0, 0),
(100002575172443, 1, 9, 2, 1, 0),
(100002575172443, 1, 10, 1, 1, 0),
(100002575172443, 1, 11, 1, 1, 5),
(100002575172443, 1, 12, 2, 2, 0),
(100002575172443, 1, 13, 2, 1, 5),
(100002647094215, 1, 63, 3, 1, 0),
(100002647094215, 1, 64, 1, 2, 0),
(100002667370452, 1, 95, 1, 1, 0),
(100002667370452, 1, 96, 2, 3, 0),
(100002667370452, 1, 97, 1, 3, 0),
(100002667370452, 1, 98, 1, 1, 0),
(100002667370452, 1, 99, 2, 1, 5),
(100002667370452, 1, 100, 2, 1, 5),
(100002667370452, 1, 101, 0, 3, 2),
(100002667370452, 1, 102, 3, 1, 0),
(100002667370452, 1, 103, 2, 2, 0),
(100002667370452, 1, 104, 1, 2, 5),
(100002667370452, 2, 85, 1, 1, 0),
(100002667370452, 2, 86, 2, 1, 5),
(100002667370452, 2, 87, 1, 3, 0),
(100002667370452, 2, 88, 0, 2, 2),
(100002667370452, 2, 89, 2, 1, 0),
(100002667370452, 2, 90, 2, 2, 0),
(100002667370452, 2, 91, 1, 1, 0),
(100002667370452, 2, 92, 2, 2, 0),
(100002667370452, 2, 93, 3, 1, 5),
(100002667370452, 2, 94, 3, 1, 5),
(100002667370452, 2, 105, 1, 1, 0),
(100002667370452, 2, 106, 2, 1, 5),
(100002667370452, 2, 107, 2, 1, 5),
(100002667370452, 2, 108, 1, 1, 0),
(100002667370452, 2, 109, 1, 2, 0),
(100002667370452, 2, 136, 1, 1, 0),
(100002667370452, 2, 137, 2, 0, 0),
(100002667370452, 2, 138, 2, 1, 0),
(100002718645272, 1, 115, 0, 0, 0),
(100002718645272, 1, 116, 2, 0, 5),
(100002718645272, 1, 117, 1, 0, 5),
(100002718645272, 1, 118, 2, 3, 2),
(100002718645272, 1, 119, 1, 0, 5),
(100002718645272, 1, 120, 4, 1, 5),
(100002718645272, 1, 121, 1, 0, 5),
(100002718645272, 1, 122, 3, 3, 5),
(100002718645272, 1, 123, 0, 0, 0),
(100002718645272, 1, 125, 1, 3, 0),
(100002718645272, 2, 105, 1, 0, 5),
(100002718645272, 2, 106, 2, 2, 0),
(100002718645272, 2, 107, 0, 1, 0),
(100002718645272, 2, 108, 0, 0, 0),
(100002718645272, 2, 109, 4, 1, 0),
(100002718645272, 2, 110, 1, 3, 0),
(100002718645272, 2, 111, 2, 2, 5),
(100002718645272, 2, 112, 18, 18, 0),
(100002718645272, 2, 113, 1, 0, 0),
(100002718645272, 2, 114, 2, 3, 0),
(100002739440357, 1, 95, 2, 0, 0),
(100002739440357, 1, 96, 2, 1, 0),
(100002739440357, 1, 97, 1, 0, 0),
(100002739440357, 1, 98, 1, 2, 5),
(100002739440357, 1, 99, 2, 0, 10),
(100002739440357, 1, 100, 1, 0, 10),
(100002739440357, 1, 101, 0, 2, 0),
(100002739440357, 1, 102, 2, 1, 0),
(100002739440357, 1, 103, 1, 1, 0),
(100002739440357, 1, 104, 0, 1, 5),
(100002821308942, 1, 11, 1, 1, 5),
(100002821308942, 1, 12, 0, 2, 0),
(100002821308942, 1, 13, 3, 1, 5),
(100002821308942, 1, 14, 1, 1, 5),
(100002821308942, 1, 15, 3, 2, 5),
(100002821308942, 1, 16, 0, 0, 10),
(100002821308942, 1, 17, 2, 2, 5),
(100002821308942, 1, 18, 1, 0, 5),
(100002821308942, 1, 19, 1, 2, 2),
(100002821308942, 1, 20, 3, 0, 5),
(100002911831338, 1, 1, 1, 1, 10),
(100002911831338, 1, 2, 1, 2, 5),
(100002911831338, 1, 3, 3, 1, 5),
(100002911831338, 1, 4, 2, 0, 0),
(100002911831338, 1, 5, 2, 1, 5),
(100002911831338, 1, 11, 1, 2, 0),
(100002911831338, 1, 13, 1, 1, 0),
(100002911831338, 1, 14, 1, 1, 5),
(100002911831338, 1, 15, 3, 0, 5),
(100002911831338, 1, 19, 0, 1, 0),
(100002911831338, 1, 63, 0, 2, 10),
(100002911831338, 1, 64, 2, 1, 0),
(100002911831338, 1, 65, 1, 1, 10),
(100002911831338, 1, 66, 1, 1, 5),
(100002911831338, 1, 67, 2, 1, 5),
(100002911831338, 1, 68, 2, 1, 0),
(100002911831338, 1, 69, 1, 1, 0),
(100002911831338, 1, 70, 0, 2, 0),
(100002911831338, 1, 71, 1, 2, 0),
(100002911831338, 1, 72, 2, 2, 0),
(100002911831338, 1, 79, 2, 1, 10),
(100002911831338, 1, 80, 1, 1, 0),
(100002911831338, 1, 81, 0, 2, 0),
(100002911831338, 1, 82, 1, 0, 0),
(100002911831338, 1, 83, 1, 2, 0),
(100002911831338, 1, 84, 1, 2, 0),
(100002911831338, 1, 102, 2, 0, 0),
(100002911831338, 1, 103, 1, 1, 0),
(100002911831338, 1, 104, 1, 2, 5),
(100002911831338, 1, 115, 1, 2, 0),
(100002950669625, 1, 102, 0, 1, 0),
(100002950669625, 1, 103, 1, 2, 0),
(100002950669625, 1, 104, 0, 2, 5),
(100002950669625, 1, 115, 1, 1, 0),
(100002950669625, 1, 116, 1, 1, 0),
(100002950669625, 1, 117, 2, 4, 0),
(100003026521581, 2, 105, 2, 0, 5),
(100003026521581, 2, 106, 1, 1, 0),
(100003026521581, 2, 107, 3, 0, 5),
(100003026521581, 2, 108, 2, 2, 0),
(100003026521581, 2, 109, 1, 0, 0),
(100003026521581, 2, 136, 1, 2, 0),
(100003026521581, 2, 137, 1, 0, 0),
(100003026521581, 2, 138, 1, 1, 0),
(100003039426484, 1, 102, 2, 1, 0),
(100003039426484, 1, 103, 1, 0, 10),
(100003039426484, 1, 104, 1, 3, 10),
(100003039426484, 1, 115, 3, 0, 5),
(100003039426484, 1, 116, 2, 0, 5),
(100003039426484, 1, 117, 2, 3, 0),
(100003039426484, 1, 118, 3, 1, 5),
(100003039426484, 1, 119, 2, 1, 5),
(100003039426484, 1, 120, 2, 1, 5),
(100003039426484, 1, 121, 2, 0, 5),
(100003039426484, 1, 122, 0, 2, 0),
(100003039426484, 1, 123, 1, 3, 0),
(100003039426484, 1, 125, 1, 2, 2),
(100003059446890, 1, 118, 0, 1, 0),
(100003059446890, 1, 119, 1, 1, 0),
(100003059446890, 1, 120, 2, 3, 0),
(100003059446890, 1, 121, 2, 1, 5),
(100003059446890, 1, 122, 0, 2, 0),
(100003059446890, 1, 123, 1, 2, 0),
(100003059446890, 1, 125, 2, 2, 0),
(100003137584745, 1, 95, 2, 1, 2),
(100003137584745, 1, 96, 1, 2, 0),
(100003137584745, 1, 97, 0, 3, 0),
(100003137584745, 1, 98, 1, 2, 5),
(100003137584745, 1, 99, 2, 3, 0),
(100003137584745, 1, 100, 1, 3, 0),
(100003137584745, 1, 101, 0, 2, 0),
(100003137584745, 1, 102, 2, 1, 0),
(100003137584745, 1, 103, 1, 2, 0),
(100003137584745, 1, 104, 1, 2, 5),
(100003137584745, 2, 85, 1, 1, 0),
(100003137584745, 2, 86, 2, 1, 5),
(100003137584745, 2, 87, 2, 0, 5),
(100003137584745, 2, 88, 1, 2, 0),
(100003137584745, 2, 89, 1, 1, 0),
(100003137584745, 2, 90, 0, 1, 5),
(100003137584745, 2, 91, 1, 2, 5),
(100003137584745, 2, 92, 2, 1, 0),
(100003137584745, 2, 93, 2, 1, 5),
(100003137584745, 2, 94, 3, 3, 0),
(100003200405633, 1, 11, 2, 1, 0),
(100003200405633, 1, 12, 1, 3, 0),
(100003200405633, 1, 13, 2, 0, 5),
(100003200405633, 1, 14, 1, 1, 5),
(100003200405633, 1, 15, 2, 1, 5),
(100003200405633, 1, 16, 1, 0, 0),
(100003200405633, 1, 17, 0, 2, 0),
(100003200405633, 1, 18, 2, 1, 10),
(100003200405633, 1, 19, 2, 2, 0),
(100003200405633, 1, 20, 1, 0, 5),
(100003243261927, 1, 83, 0, 1, 2),
(100003243261927, 1, 84, 0, 0, 5),
(100003243261927, 1, 115, 1, 1, 0),
(100003243261927, 1, 116, 3, 1, 5),
(100003243261927, 1, 117, 1, 2, 0),
(100003243261927, 1, 118, 3, 1, 5),
(100003243261927, 1, 119, 2, 0, 5),
(100003243261927, 1, 120, 1, 2, 0),
(100003243261927, 1, 121, 4, 1, 5),
(100003243261927, 1, 122, 1, 1, 10),
(100003243261927, 1, 123, 1, 0, 10),
(100003243261927, 1, 125, 0, 2, 0),
(100003243261927, 2, 85, 3, 1, 5),
(100003243261927, 2, 86, 2, 1, 5),
(100003243261927, 2, 87, 1, 1, 0),
(100003243261927, 2, 88, 4, 3, 5),
(100003243261927, 2, 89, 0, 3, 5),
(100003243261927, 2, 90, 0, 1, 5),
(100003243261927, 2, 91, 2, 0, 2),
(100003243261927, 2, 92, 2, 2, 0),
(100003243261927, 2, 93, 1, 2, 0),
(100003243261927, 2, 94, 4, 2, 5),
(100003243261927, 2, 136, 2, 2, 0),
(100003243261927, 2, 137, 3, 1, 0),
(100003243261927, 2, 138, 1, 3, 0),
(100003298062636, 1, 115, 2, 0, 5),
(100003298062636, 1, 116, 2, 0, 5),
(100003298062636, 1, 117, 1, 0, 5),
(100003298062636, 1, 118, 2, 1, 5),
(100003298062636, 1, 119, 3, 1, 5),
(100003298062636, 1, 120, 1, 0, 5),
(100003298062636, 1, 121, 2, 0, 5),
(100003298062636, 1, 122, 1, 2, 0),
(100003298062636, 1, 123, 1, 2, 0),
(100003298062636, 1, 125, 1, 3, 0),
(100003298062636, 2, 110, 2, 1, 5),
(100003298062636, 2, 111, 1, 2, 0),
(100003298062636, 2, 112, 1, 2, 10),
(100003298062636, 2, 113, 3, 1, 2),
(100003298062636, 2, 114, 1, 2, 0),
(100003309231411, 1, 118, 2, 1, 5),
(100003309231411, 1, 119, 1, 1, 0),
(100003309231411, 1, 120, 0, 1, 0),
(100003309231411, 1, 121, 16, 2, 5),
(100003309231411, 1, 122, 1, 1, 10),
(100003309231411, 1, 123, 0, 1, 2),
(100003309231411, 1, 125, 0, 3, 0),
(100003309231411, 2, 136, 1, 0, 0),
(100003309231411, 2, 137, 0, 0, 0),
(100003309231411, 2, 138, 0, 2, 0),
(100003353842472, 1, 118, 1, 1, 0),
(100003353842472, 1, 119, 1, 0, 5),
(100003353842472, 1, 120, 1, 2, 0),
(100003353842472, 1, 121, 2, 0, 5),
(100003353842472, 1, 122, 0, 3, 0),
(100003353842472, 1, 123, 1, 2, 0),
(100003353842472, 1, 125, 0, 1, 0),
(100003353842472, 2, 136, 1, 0, 0),
(100003353842472, 2, 137, 1, 0, 0),
(100003353842472, 2, 138, 0, 2, 0),
(100003377283426, 1, 75, 1, 2, 0),
(100003377283426, 1, 76, 2, 0, 0),
(100003377283426, 1, 77, 2, 1, 0),
(100003377283426, 1, 78, 0, 1, 0),
(100003377283426, 1, 79, 3, 1, 5),
(100003377283426, 1, 80, 2, 1, 2),
(100003377283426, 1, 81, 2, 0, 5),
(100003377283426, 1, 82, 0, 2, 5),
(100003377283426, 1, 83, 1, 1, 0),
(100003377283426, 1, 84, 1, 2, 0),
(100003377283426, 1, 95, 3, 1, 0),
(100003377283426, 1, 96, 2, 3, 0),
(100003377283426, 1, 97, 1, 3, 0),
(100003377283426, 1, 98, 2, 2, 0),
(100003377283426, 1, 99, 3, 0, 5),
(100003377283426, 1, 100, 1, 2, 0),
(100003377283426, 1, 101, 2, 3, 0),
(100003377283426, 1, 102, 3, 0, 0),
(100003377283426, 1, 103, 1, 0, 10),
(100003377283426, 1, 104, 3, 1, 2),
(100003377283426, 1, 115, 0, 1, 2),
(100003377283426, 1, 116, 2, 1, 5),
(100003377283426, 1, 117, 2, 1, 5),
(100003377283426, 1, 118, 1, 3, 0),
(100003377283426, 1, 119, 2, 0, 5),
(100003377283426, 1, 120, 2, 3, 0),
(100003377283426, 1, 121, 1, 0, 5),
(100003377283426, 1, 122, 1, 2, 0),
(100003377283426, 1, 123, 3, 2, 5),
(100003377283426, 1, 125, 1, 4, 0),
(100003377283426, 2, 58, 3, 0, 5),
(100003377283426, 2, 59, 1, 3, 0),
(100003377283426, 2, 60, 1, 0, 0),
(100003377283426, 2, 61, 3, 2, 0),
(100003377283426, 2, 62, 1, 5, 0),
(100003377283426, 2, 85, 1, 0, 10),
(100003377283426, 2, 86, 1, 1, 0),
(100003377283426, 2, 87, 1, 0, 5),
(100003377283426, 2, 88, 2, 2, 0),
(100003377283426, 2, 89, 0, 0, 0),
(100003377283426, 2, 90, 3, 1, 2),
(100003377283426, 2, 91, 1, 2, 5),
(100003377283426, 2, 92, 2, 2, 0),
(100003377283426, 2, 93, 2, 4, 0),
(100003377283426, 2, 94, 2, 2, 0),
(100003377283426, 2, 105, 1, 0, 5),
(100003377283426, 2, 106, 2, 1, 5),
(100003377283426, 2, 107, 1, 1, 0),
(100003377283426, 2, 108, 3, 0, 5),
(100003377283426, 2, 110, 2, 1, 5),
(100003377283426, 2, 111, 3, 3, 5),
(100003377283426, 2, 112, 4, 1, 0),
(100003377283426, 2, 113, 2, 3, 5),
(100003377283426, 2, 114, 1, 0, 0),
(100003450831660, 1, 21, 0, 1, 0),
(100003450831660, 1, 22, 1, 1, 0),
(100003467166654, 1, 1, 1, 2, 0),
(100003467166654, 1, 2, 0, 2, 5),
(100003467166654, 1, 3, 2, 2, 0),
(100003467166654, 1, 4, 0, 1, 5),
(100003467166654, 1, 5, 3, 2, 5),
(100003467166654, 1, 6, 1, 2, 0),
(100003467166654, 1, 7, 0, 2, 0),
(100003467166654, 1, 8, 1, 0, 0),
(100003467166654, 1, 9, 3, 0, 0),
(100003467166654, 1, 10, 3, 2, 5),
(100003467166654, 1, 11, 2, 1, 0),
(100003467166654, 1, 12, 1, 1, 0),
(100003467166654, 1, 13, 0, 2, 0),
(100003467166654, 1, 75, 3, 1, 0),
(100003467166654, 1, 76, 2, 0, 0),
(100003467166654, 1, 77, 1, 2, 5),
(100003467166654, 1, 78, 1, 2, 0),
(100003467166654, 1, 79, 3, 1, 5),
(100003467166654, 1, 80, 0, 1, 5),
(100003467166654, 1, 81, 2, 2, 0),
(100003467166654, 1, 82, 0, 1, 5),
(100003467166654, 1, 83, 1, 2, 0),
(100003467166654, 1, 84, 0, 2, 0),
(100003467166654, 1, 115, 1, 0, 10),
(100003467166654, 1, 116, 1, 0, 10),
(100003467166654, 1, 117, 3, 1, 5),
(100003467166654, 1, 118, 2, 1, 5),
(100003467166654, 1, 119, 2, 1, 5),
(100003467166654, 1, 120, 0, 1, 0),
(100003467166654, 1, 121, 0, 2, 0),
(100003467166654, 1, 122, 0, 2, 0),
(100003467166654, 1, 123, 1, 1, 0),
(100003467166654, 1, 125, 0, 3, 0),
(100003467166654, 2, 56, 0, 1, 0),
(100003467166654, 2, 57, 0, 1, 2),
(100003467166654, 2, 58, 1, 0, 5),
(100003467166654, 2, 59, 1, 2, 0),
(100003467166654, 2, 60, 1, 3, 5),
(100003467166654, 2, 61, 0, 0, 0),
(100003467166654, 2, 62, 2, 1, 5),
(100003467166654, 2, 110, 0, 2, 0),
(100003467166654, 2, 111, 1, 0, 0),
(100003467166654, 2, 112, 2, 0, 0),
(100003467166654, 2, 113, 3, 2, 0),
(100003467166654, 2, 114, 0, 0, 5),
(100003467166654, 2, 136, 2, 1, 0),
(100003467166654, 2, 137, 3, 1, 0),
(100003467166654, 2, 138, 2, 2, 0),
(100003467166654, 3, 74, 2, 0, 0),
(100003476093190, 1, 102, 0, 1, 0),
(100003476093190, 1, 104, 0, 0, 0),
(100003476093190, 1, 115, 2, 0, 5),
(100003476093190, 1, 116, 1, 1, 0),
(100003476093190, 1, 117, 0, 1, 0),
(100003489131091, 1, 1, 2, 1, 0),
(100003489131091, 1, 2, 2, 0, 0),
(100003489131091, 1, 8, 1, 2, 0),
(100003489131091, 1, 9, 2, 0, 2),
(100003489131091, 1, 10, 1, 2, 0),
(100003489131091, 1, 11, 2, 0, 0),
(100003489131091, 1, 12, 1, 0, 5),
(100003489131091, 1, 13, 1, 0, 10),
(100003489131091, 1, 14, 2, 1, 0),
(100003489131091, 1, 15, 2, 0, 5),
(100003489131091, 1, 16, 1, 0, 0),
(100003489131091, 1, 17, 0, 2, 0),
(100003489131091, 1, 18, 2, 1, 10),
(100003489131091, 1, 19, 1, 3, 0),
(100003489131091, 1, 20, 1, 0, 5),
(100003489131091, 1, 21, 2, 1, 0),
(100003489131091, 1, 22, 2, 0, 0),
(100003489131091, 1, 23, 1, 2, 10),
(100003489131091, 1, 24, 1, 0, 5),
(100003489131091, 1, 25, 1, 3, 0),
(100003489131091, 1, 26, 2, 0, 5),
(100003489131091, 1, 27, 2, 1, 5),
(100003489131091, 1, 28, 2, 1, 0),
(100003489131091, 1, 29, 2, 1, 2),
(100003489131091, 1, 30, 2, 1, 5),
(100003489131091, 1, 63, 2, 1, 0),
(100003489131091, 1, 64, 2, 0, 0),
(100003489131091, 1, 65, 2, 1, 0),
(100003489131091, 1, 66, 2, 1, 0),
(100003489131091, 1, 67, 0, 2, 0),
(100003489131091, 1, 68, 2, 1, 0),
(100003489131091, 1, 69, 0, 2, 5),
(100003489131091, 1, 70, 1, 2, 0),
(100003489131091, 1, 71, 1, 0, 0),
(100003489131091, 1, 72, 1, 0, 5),
(100003489131091, 1, 75, 0, 1, 0),
(100003489131091, 1, 76, 2, 0, 0),
(100003489131091, 1, 77, 2, 1, 0),
(100003489131091, 1, 78, 2, 1, 5),
(100003489131091, 1, 79, 2, 0, 5),
(100003489131091, 1, 80, 1, 0, 0),
(100003489131091, 1, 81, 2, 0, 5),
(100003489131091, 1, 82, 1, 2, 10),
(100003489131091, 1, 83, 1, 3, 0),
(100003489131091, 1, 84, 0, 2, 0),
(100003489131091, 2, 53, 2, 0, 2),
(100003489131091, 2, 54, 2, 1, 0),
(100003489131091, 2, 55, 2, 1, 5),
(100003489131091, 2, 56, 1, 2, 0),
(100003489131091, 2, 57, 0, 2, 0),
(100003489131091, 2, 58, 2, 0, 10),
(100003489131091, 2, 59, 1, 0, 0),
(100003489131091, 2, 60, 1, 4, 5),
(100003489131091, 2, 61, 1, 2, 10),
(100003489131091, 2, 62, 1, 0, 5),
(100003489131091, 3, 31, 2, 1, 0),
(100003489131091, 3, 32, 3, 0, 5),
(100003489131091, 3, 33, 2, 1, 5),
(100003489131091, 3, 34, 0, 2, 2),
(100003489131091, 3, 35, 1, 0, 10),
(100003489131091, 3, 36, 1, 2, 2),
(100003489131091, 3, 37, 2, 1, 0),
(100003489131091, 3, 38, 3, 1, 10),
(100003489131091, 3, 47, 2, 0, 5),
(100003489131091, 3, 48, 3, 1, 5),
(100003489131091, 3, 49, 4, 0, 5),
(100003489131091, 3, 50, 2, 1, 0),
(100003489131091, 3, 51, 3, 1, 2),
(100003489131091, 3, 52, 2, 0, 5),
(100003489131091, 3, 73, 2, 0, 2),
(100003489131091, 3, 74, 2, 0, 0),
(100003493015109, 1, 100, 0, 1, 2),
(100003527600324, 2, 105, 1, 0, 5),
(100003527600324, 2, 106, 0, 0, 0),
(100003527600324, 2, 107, 2, 0, 5),
(100003527600324, 2, 108, 1, 0, 5),
(100003527600324, 2, 109, 0, 0, 5),
(100003527600324, 2, 110, 2, 1, 5),
(100003527600324, 2, 111, 2, 2, 5),
(100003527600324, 2, 112, 0, 0, 0),
(100003527600324, 2, 113, 1, 2, 5),
(100003527600324, 2, 114, 1, 1, 10),
(100003537970612, 1, 11, 1, 2, 0),
(100003537970612, 1, 12, 0, 3, 0),
(100003537970612, 1, 13, 2, 0, 5),
(100003537970612, 1, 14, 1, 3, 0),
(100003537970612, 1, 15, 2, 2, 0),
(100003537970612, 1, 16, 2, 3, 0),
(100003537970612, 1, 17, 1, 3, 0),
(100003537970612, 1, 18, 0, 2, 0),
(100003537970612, 1, 19, 1, 0, 5),
(100003537970612, 1, 20, 2, 0, 5),
(100003558519211, 1, 1, 0, 0, 5),
(100003558519211, 1, 2, 1, 3, 5),
(100003558519211, 1, 3, 1, 1, 0),
(100003558519211, 1, 4, 2, 0, 0),
(100003558519211, 1, 5, 2, 1, 5),
(100003558519211, 1, 6, 2, 2, 0),
(100003558519211, 1, 7, 1, 2, 0),
(100003558519211, 1, 8, 1, 1, 5),
(100003558519211, 1, 9, 2, 0, 2),
(100003558519211, 1, 10, 3, 0, 5),
(100003563078838, 1, 102, 1, 0, 0),
(100003563078838, 1, 103, 2, 2, 0),
(100003563078838, 1, 104, 0, 2, 5),
(100003563078838, 1, 115, 3, 1, 5),
(100003563078838, 1, 116, 4, 1, 5),
(100003563078838, 1, 117, 2, 0, 5),
(100003563078838, 1, 118, 2, 1, 5),
(100003563078838, 1, 119, 1, 0, 5),
(100003626711219, 1, 115, 1, 1, 0),
(100003626711219, 1, 116, 3, 1, 5),
(100003626711219, 1, 117, 2, 1, 5),
(100003626711219, 1, 118, 1, 1, 0),
(100003626711219, 1, 119, 3, 1, 5),
(100003626711219, 1, 120, 2, 0, 5),
(100003626711219, 1, 121, 2, 0, 5),
(100003626711219, 1, 122, 0, 0, 5),
(100003626711219, 1, 123, 0, 1, 2),
(100003626711219, 1, 125, 3, 2, 5),
(100003626711219, 2, 105, 2, 2, 0),
(100003626711219, 2, 106, 0, 1, 0),
(100003626711219, 2, 107, 2, 1, 5),
(100003626711219, 2, 108, 5, 1, 5),
(100003626711219, 2, 109, 2, 1, 0),
(100003626711219, 2, 110, 2, 1, 5),
(100003626711219, 2, 111, 1, 1, 5),
(100003626711219, 2, 112, 0, 1, 5),
(100003626711219, 2, 113, 1, 3, 10),
(100003626711219, 2, 114, 0, 0, 5),
(100003654227143, 1, 75, 3, 1, 0),
(100003654227143, 1, 76, 1, 0, 2),
(100003654227143, 1, 77, 1, 2, 5),
(100003654227143, 1, 78, 1, 1, 0),
(100003654227143, 1, 79, 1, 1, 0),
(100003654227143, 1, 80, 2, 0, 0),
(100003654227143, 1, 81, 0, 0, 0),
(100003654227143, 1, 82, 1, 0, 0),
(100003654227143, 1, 83, 2, 2, 0),
(100003654227143, 1, 84, 1, 2, 0),
(100003654227143, 3, 74, 2, 0, 0),
(100003700180063, 1, 67, 0, 1, 0),
(100003700180063, 1, 68, 0, 1, 5),
(100003700180063, 1, 69, 2, 1, 2),
(100003700180063, 1, 70, 3, 1, 5),
(100003700180063, 1, 71, 2, 3, 0),
(100003700180063, 1, 72, 2, 1, 10),
(100003700180063, 1, 95, 2, 0, 0),
(100003700180063, 1, 96, 0, 1, 0),
(100003700180063, 1, 97, 1, 3, 0),
(100003700180063, 1, 98, 2, 1, 0),
(100003700180063, 1, 99, 2, 1, 5),
(100003700180063, 1, 100, 0, 1, 2),
(100003700180063, 1, 101, 2, 2, 0),
(100003700180063, 1, 102, 2, 0, 0),
(100003700180063, 1, 103, 2, 1, 5),
(100003700180063, 1, 104, 0, 0, 0),
(100003700180063, 1, 118, 2, 1, 5),
(100003700180063, 1, 119, 2, 3, 2),
(100003700180063, 1, 120, 1, 1, 0),
(100003700180063, 1, 121, 2, 0, 5),
(100003700180063, 1, 122, 2, 2, 5),
(100003700180063, 1, 123, 2, 1, 5),
(100003700180063, 1, 125, 1, 0, 5),
(100003700180063, 2, 56, 1, 0, 5),
(100003700180063, 2, 57, 0, 1, 2),
(100003700180063, 2, 136, 2, 1, 0),
(100003700180063, 2, 137, 0, 1, 0),
(100003700180063, 2, 138, 1, 4, 0),
(100003700180063, 3, 73, 3, 0, 0),
(100003715017558, 1, 78, 2, 1, 5),
(100003715017558, 1, 79, 2, 0, 5),
(100003715017558, 1, 80, 1, 0, 0),
(100003715017558, 1, 81, 1, 1, 0),
(100003715017558, 1, 82, 2, 2, 0),
(100003715017558, 1, 83, 1, 1, 0),
(100003715017558, 1, 84, 0, 3, 0),
(100003715017558, 1, 95, 2, 1, 2),
(100003715017558, 1, 96, 0, 2, 0),
(100003715017558, 1, 97, 1, 2, 0),
(100003715017558, 1, 98, 2, 1, 0),
(100003715017558, 1, 99, 1, 0, 5),
(100003715017558, 1, 100, 1, 2, 0),
(100003715017558, 1, 101, 0, 2, 0),
(100003715017558, 1, 102, 1, 0, 0),
(100003715017558, 1, 103, 0, 0, 0),
(100003715017558, 1, 104, 1, 2, 5),
(100003715017558, 1, 115, 1, 1, 0),
(100003715017558, 1, 116, 2, 1, 5),
(100003715017558, 1, 117, 0, 1, 0),
(100003715017558, 1, 118, 2, 1, 5),
(100003715017558, 1, 119, 1, 0, 5),
(100003715017558, 1, 120, 2, 1, 5),
(100003715017558, 1, 121, 2, 0, 5),
(100003715017558, 1, 122, 0, 2, 0),
(100003715017558, 1, 123, 1, 0, 10),
(100003715017558, 1, 125, 1, 1, 0),
(100003715017558, 2, 85, 0, 2, 0),
(100003715017558, 2, 86, 0, 0, 0),
(100003715017558, 2, 87, 0, 0, 0),
(100003715017558, 2, 88, 0, 0, 0),
(100003715017558, 2, 89, 0, 0, 0),
(100003715017558, 2, 90, 0, 0, 0),
(100003715017558, 2, 91, 0, 0, 0),
(100003715017558, 2, 92, 2, 3, 5),
(100003715017558, 2, 93, 1, 10, 0),
(100003715017558, 2, 94, 9, 7, 5),
(100003722117751, 1, 21, 0, 0, 0),
(100003722117751, 1, 22, 1, 0, 2),
(100003722117751, 1, 23, 0, 1, 5),
(100003733881875, 1, 102, 2, 0, 0),
(100003733881875, 1, 103, 1, 1, 0),
(100003733881875, 1, 104, 2, 2, 0),
(100003733881875, 2, 105, 1, 0, 5),
(100003733881875, 2, 106, 0, 1, 0),
(100003733881875, 2, 107, 0, 0, 0),
(100003733881875, 2, 108, 2, 2, 0),
(100003733881875, 2, 109, 0, 1, 0),
(100003733881875, 2, 110, 2, 1, 5),
(100003733881875, 2, 111, 2, 1, 0),
(100003733881875, 2, 114, 0, 2, 0),
(100003738584069, 2, 106, 3, 2, 5),
(100003751732581, 1, 115, 3, 1, 5),
(100003751732581, 1, 116, 2, 0, 5),
(100003751732581, 1, 117, 2, 1, 5),
(100003751732581, 1, 118, 0, 1, 0),
(100003751732581, 1, 119, 2, 2, 0),
(100003751732581, 1, 120, 2, 1, 5),
(100003751732581, 1, 121, 3, 0, 5),
(100003751732581, 1, 122, 2, 3, 0),
(100003751732581, 1, 123, 1, 3, 0),
(100003751732581, 1, 125, 0, 2, 0),
(100003765722157, 1, 83, 2, 1, 5),
(100003765722157, 1, 84, 1, 2, 0),
(100003765722157, 2, 91, 1, 1, 0),
(100003766503459, 1, 115, 2, 1, 5),
(100003766503459, 1, 116, 2, 0, 5),
(100003766503459, 1, 117, 2, 1, 5),
(100003766503459, 1, 118, 1, 1, 0),
(100003766503459, 1, 119, 2, 1, 5),
(100003766503459, 1, 120, 1, 1, 0),
(100003766503459, 1, 121, 2, 0, 5),
(100003766503459, 1, 122, 1, 2, 0),
(100003766503459, 1, 123, 1, 1, 0),
(100003766503459, 1, 125, 1, 2, 2),
(100003766503459, 2, 105, 2, 0, 5),
(100003766503459, 2, 106, 1, 0, 5),
(100003766503459, 2, 107, 2, 0, 5),
(100003766503459, 2, 108, 2, 1, 10),
(100003766503459, 2, 109, 2, 1, 0),
(100003766503459, 2, 110, 2, 0, 5),
(100003766503459, 2, 111, 1, 0, 0),
(100003766503459, 2, 112, 1, 1, 0),
(100003766503459, 2, 113, 1, 1, 0),
(100003766503459, 2, 114, 1, 2, 0),
(100003766503459, 2, 136, 1, 1, 0),
(100003766503459, 2, 137, 1, 1, 0),
(100003766503459, 2, 138, 1, 2, 0),
(100003779970287, 1, 102, 5, 0, 0),
(100003779970287, 1, 103, 6, 0, 5),
(100003779970287, 1, 104, 0, 5, 5),
(100003779970287, 2, 105, 9, 0, 5),
(100003808389507, 1, 11, 2, 1, 0),
(100003808389507, 3, 31, 0, 2, 0),
(100003808389507, 3, 32, 2, 0, 10),
(100003808389507, 3, 33, 2, 1, 5),
(100003808389507, 3, 34, 0, 2, 2),
(100003808389507, 3, 35, 2, 0, 5),
(100003808389507, 3, 36, 2, 1, 10),
(100003808389507, 3, 37, 2, 0, 0),
(100003808389507, 3, 38, 3, 1, 10),
(100003813769940, 1, 102, 0, 0, 5),
(100003813769940, 1, 103, 0, 0, 0),
(100003813769940, 1, 104, 0, 0, 0),
(100003813769940, 1, 115, 0, 0, 0),
(100003813769940, 1, 116, 0, 0, 0),
(100003813769940, 1, 117, 0, 0, 0),
(100003844397409, 1, 100, 0, 2, 0),
(100003896785794, 1, 1, 2, 2, 5),
(100003896785794, 1, 2, 1, 3, 5),
(100003896785794, 1, 3, 1, 1, 0),
(100003896785794, 1, 4, 2, 3, 5),
(100003896785794, 1, 5, 2, 1, 5),
(100003896785794, 1, 6, 2, 2, 0),
(100003896785794, 1, 7, 0, 4, 0),
(100003896785794, 1, 8, 3, 1, 0),
(100003896785794, 1, 9, 3, 0, 0),
(100003896785794, 1, 10, 2, 0, 10),
(100003923322140, 1, 63, 1, 3, 5),
(100003923322140, 1, 64, 2, 1, 0),
(100003923322140, 1, 65, 3, 0, 0),
(100003923322140, 1, 66, 4, 2, 0),
(100003923322140, 1, 67, 1, 0, 5),
(100003923322140, 1, 68, 5, 3, 0),
(100003923322140, 1, 69, 2, 2, 0),
(100003923322140, 1, 70, 4, 5, 0),
(100003923322140, 1, 71, 3, 1, 0),
(100003923322140, 1, 72, 2, 5, 0);
INSERT INTO `aposta` (`usuario_id`, `campeonato_id`, `jogo_id`, `apostaGolsTime1`, `apostaGolsTime2`, `pontosAposta`) VALUES
(100003923322140, 2, 53, 1, 3, 5),
(100003923322140, 2, 54, 4, 4, 0),
(100003923322140, 2, 55, 0, 3, 0),
(100004005918354, 1, 102, 1, 0, 0),
(100004005918354, 1, 103, 1, 1, 0),
(100004005918354, 1, 104, 0, 2, 5),
(100004005918354, 1, 115, 2, 1, 5),
(100004005918354, 1, 116, 2, 0, 5),
(100004005918354, 1, 117, 0, 1, 0),
(100004005918354, 1, 118, 2, 2, 0),
(100004005918354, 1, 119, 2, 1, 5),
(100004005918354, 1, 120, 1, 2, 0),
(100004005918354, 1, 121, 1, 0, 5),
(100004005918354, 1, 122, 1, 3, 0),
(100004005918354, 1, 123, 1, 4, 0),
(100004005918354, 1, 125, 1, 2, 2),
(100004005918354, 2, 105, 1, 0, 5),
(100004005918354, 2, 106, 1, 0, 5),
(100004005918354, 2, 107, 1, 0, 5),
(100004005918354, 2, 108, 1, 1, 0),
(100004005918354, 2, 109, 1, 1, 10),
(100004005918354, 2, 110, 0, 1, 2),
(100004005918354, 2, 111, 1, 0, 0),
(100004005918354, 2, 112, 0, 0, 0),
(100004005918354, 2, 113, 0, 1, 5),
(100004005918354, 2, 114, 1, 0, 0),
(100004005918354, 2, 136, 1, 0, 0),
(100004005918354, 2, 137, 2, 2, 0),
(100004005918354, 2, 138, 0, 2, 0),
(100004046302666, 1, 21, 0, 2, 0),
(100004046302666, 1, 22, 2, 1, 0),
(100004046302666, 1, 23, 0, 2, 5),
(100004046302666, 1, 24, 1, 1, 0),
(100004046302666, 1, 25, 2, 2, 5),
(100004046302666, 1, 26, 3, 0, 5),
(100004046302666, 1, 27, 2, 0, 5),
(100004046302666, 1, 28, 1, 3, 5),
(100004046302666, 1, 29, 2, 0, 0),
(100004046302666, 1, 30, 0, 2, 0),
(100004046302666, 3, 47, 2, 0, 5),
(100004046302666, 3, 48, 2, 0, 5),
(100004046302666, 3, 49, 3, 0, 5),
(100004046302666, 3, 50, 2, 1, 0),
(100004048765780, 1, 118, 5, 3, 5),
(100004048765780, 1, 119, 2, 1, 5),
(100004048765780, 1, 120, 1, 6, 0),
(100004048765780, 1, 121, 3, 1, 5),
(100004048765780, 1, 122, 2, 1, 0),
(100004048765780, 2, 136, 1, 0, 0),
(100004048765780, 2, 138, 0, 10, 0),
(100004069275214, 1, 63, 1, 3, 5),
(100004069275214, 1, 64, 2, 1, 0),
(100004069275214, 1, 65, 2, 0, 0),
(100004069275214, 1, 66, 1, 2, 0),
(100004132051229, 3, 47, 3, 2, 5),
(100004132051229, 3, 48, 2, 2, 0),
(100004132051229, 3, 49, 3, 1, 5),
(100004132051229, 3, 50, 4, 1, 0),
(100004162299409, 1, 79, 2, 0, 5),
(100004162299409, 1, 80, 0, 1, 5),
(100004162299409, 1, 81, 3, 2, 5),
(100004162299409, 1, 82, 1, 3, 5),
(100004162299409, 1, 83, 2, 0, 5),
(100004162299409, 1, 84, 1, 1, 10),
(100004162299409, 1, 95, 2, 0, 0),
(100004162299409, 1, 96, 0, 0, 5),
(100004162299409, 1, 97, 1, 3, 0),
(100004162299409, 1, 98, 2, 0, 2),
(100004162299409, 1, 99, 1, 0, 5),
(100004162299409, 1, 100, 1, 0, 10),
(100004162299409, 1, 101, 1, 2, 0),
(100004162299409, 1, 102, 2, 0, 0),
(100004162299409, 1, 103, 1, 1, 0),
(100004162299409, 1, 104, 2, 3, 5),
(100004162299409, 1, 118, 2, 2, 0),
(100004162299409, 1, 119, 2, 0, 5),
(100004162299409, 1, 120, 1, 0, 5),
(100004162299409, 1, 121, 2, 0, 5),
(100004162299409, 1, 122, 1, 1, 10),
(100004162299409, 1, 123, 1, 2, 0),
(100004162299409, 1, 125, 1, 2, 2),
(100004162299409, 2, 85, 1, 0, 10),
(100004162299409, 2, 86, 2, 0, 10),
(100004162299409, 2, 87, 2, 0, 5),
(100004162299409, 2, 88, 0, 2, 2),
(100004162299409, 2, 89, 2, 1, 0),
(100004162299409, 2, 90, 1, 2, 5),
(100004162299409, 2, 91, 2, 1, 0),
(100004162299409, 2, 92, 1, 0, 0),
(100004162299409, 2, 93, 0, 2, 2),
(100004162299409, 2, 94, 2, 1, 5),
(100004162299409, 2, 105, 1, 2, 2),
(100004162299409, 2, 106, 1, 0, 5),
(100004162299409, 2, 107, 3, 1, 5),
(100004162299409, 2, 108, 2, 0, 5),
(100004162299409, 2, 109, 2, 2, 5),
(100004162299409, 2, 110, 2, 3, 0),
(100004162299409, 2, 111, 2, 1, 0),
(100004162299409, 2, 112, 1, 0, 0),
(100004162299409, 2, 113, 1, 0, 0),
(100004162299409, 2, 114, 0, 1, 0);

-- --------------------------------------------------------

--
-- Estrutura da tabela `campeonato`
--

CREATE TABLE IF NOT EXISTS `campeonato` (
  `id` int(11) NOT NULL auto_increment,
  `nomeCampeonato` varchar(255) default NULL,
  `anoCampeonato` int(11) default NULL,
  `quantidadeRodadas` int(11) default NULL,
  `urlLogo` text,
  `status` set('ativo','finalizado') default NULL,
  PRIMARY KEY  (`id`)
) ENGINE=InnoDB  DEFAULT CHARSET=latin1 AUTO_INCREMENT=4 ;

--
-- Extraindo dados da tabela `campeonato`
--

INSERT INTO `campeonato` (`id`, `nomeCampeonato`, `anoCampeonato`, `quantidadeRodadas`, `urlLogo`, `status`) VALUES
(1, 'Brasileiro srie A', 2012, 38, 'imagens/logo-campeonatos/brasileirao-serie-a-2012-90x90.png', 'ativo'),
(2, 'Brasileiro srie B', 2012, 38, 'imagens/logo-campeonatos/brasileirao-serie-b-2012-90x90.png', 'ativo'),
(3, 'Olimpadas', 2012, 4, 'imagens/logo-campeonatos/olimpiadas-2012-90x90.png', 'finalizado');

-- --------------------------------------------------------

--
-- Estrutura da tabela `contadoraposta`
--

CREATE TABLE IF NOT EXISTS `contadoraposta` (
  `id` varchar(255) NOT NULL default '',
  `campeonato_id` int(11) NOT NULL default '0',
  `jogo_id` int(11) NOT NULL default '0',
  `quantidadeApostas` int(11) default NULL,
  PRIMARY KEY  (`id`,`campeonato_id`,`jogo_id`),
  KEY `campeonato_id` (`campeonato_id`),
  KEY `jogo_id` (`jogo_id`)
) ENGINE=InnoDB DEFAULT CHARSET=latin1;

--
-- Extraindo dados da tabela `contadoraposta`
--

INSERT INTO `contadoraposta` (`id`, `campeonato_id`, `jogo_id`, `quantidadeApostas`) VALUES
('0  X  0', 1, 1, 2),
('0  X  0', 1, 3, 1),
('0  X  0', 1, 8, 1),
('0  X  0', 1, 16, 2),
('0  X  0', 1, 18, 1),
('0  X  0', 1, 21, 2),
('0  X  0', 1, 24, 1),
('0  X  0', 1, 67, 2),
('0  X  0', 1, 68, 1),
('0  X  0', 1, 81, 1),
('0  X  0', 1, 84, 1),
('0  X  0', 1, 96, 1),
('0  X  0', 1, 98, 1),
('0  X  0', 1, 102, 1),
('0  X  0', 1, 103, 2),
('0  X  0', 1, 104, 3),
('0  X  0', 1, 115, 2),
('0  X  0', 1, 116, 1),
('0  X  0', 1, 117, 1),
('0  X  0', 1, 120, 1),
('0  X  0', 1, 122, 1),
('0  X  0', 1, 123, 1),
('0  X  0', 2, 60, 2),
('0  X  0', 2, 61, 1),
('0  X  0', 2, 86, 1),
('0  X  0', 2, 87, 1),
('0  X  0', 2, 88, 1),
('0  X  0', 2, 89, 2),
('0  X  0', 2, 90, 1),
('0  X  0', 2, 91, 1),
('0  X  0', 2, 93, 1),
('0  X  0', 2, 106, 2),
('0  X  0', 2, 107, 1),
('0  X  0', 2, 108, 1),
('0  X  0', 2, 109, 1),
('0  X  0', 2, 110, 0),
('0  X  0', 2, 112, 3),
('0  X  0', 2, 114, 2),
('0  X  0', 2, 137, 2),
('0  X  0', 2, 138, 1),
('0  X  1', 1, 1, 2),
('0  X  1', 1, 2, 1),
('0  X  1', 1, 3, 1),
('0  X  1', 1, 4, 3),
('0  X  1', 1, 5, 1),
('0  X  1', 1, 6, 1),
('0  X  1', 1, 7, 2),
('0  X  1', 1, 8, 1),
('0  X  1', 1, 12, 5),
('0  X  1', 1, 17, 1),
('0  X  1', 1, 19, 2),
('0  X  1', 1, 20, 1),
('0  X  1', 1, 21, 2),
('0  X  1', 1, 23, 3),
('0  X  1', 1, 63, 2),
('0  X  1', 1, 67, 2),
('0  X  1', 1, 68, 1),
('0  X  1', 1, 75, 1),
('0  X  1', 1, 76, 1),
('0  X  1', 1, 78, 2),
('0  X  1', 1, 80, 2),
('0  X  1', 1, 81, 1),
('0  X  1', 1, 82, 4),
('0  X  1', 1, 83, 1),
('0  X  1', 1, 84, 3),
('0  X  1', 1, 96, 1),
('0  X  1', 1, 97, 1),
('0  X  1', 1, 98, 1),
('0  X  1', 1, 100, 2),
('0  X  1', 1, 101, 1),
('0  X  1', 1, 102, 3),
('0  X  1', 1, 104, 3),
('0  X  1', 1, 115, 1),
('0  X  1', 1, 117, 4),
('0  X  1', 1, 118, 2),
('0  X  1', 1, 120, 2),
('0  X  1', 1, 122, 2),
('0  X  1', 1, 123, 2),
('0  X  1', 1, 125, 3),
('0  X  1', 2, 56, 1),
('0  X  1', 2, 57, 3),
('0  X  1', 2, 60, 1),
('0  X  1', 2, 85, 2),
('0  X  1', 2, 87, 1),
('0  X  1', 2, 90, 2),
('0  X  1', 2, 91, 1),
('0  X  1', 2, 93, 1),
('0  X  1', 2, 106, 2),
('0  X  1', 2, 107, 1),
('0  X  1', 2, 109, 1),
('0  X  1', 2, 110, 1),
('0  X  1', 2, 112, 1),
('0  X  1', 2, 113, 2),
('0  X  1', 2, 114, 1),
('0  X  1', 2, 136, 3),
('0  X  1', 2, 137, 1),
('0  X  10', 2, 138, 1),
('0  X  2', 1, 2, 3),
('0  X  2', 1, 4, 3),
('0  X  2', 1, 7, 4),
('0  X  2', 1, 8, 1),
('0  X  2', 1, 11, 2),
('0  X  2', 1, 12, 2),
('0  X  2', 1, 13, 1),
('0  X  2', 1, 14, 1),
('0  X  2', 1, 17, 4),
('0  X  2', 1, 18, 1),
('0  X  2', 1, 20, 1),
('0  X  2', 1, 21, 3),
('0  X  2', 1, 23, 1),
('0  X  2', 1, 30, 1),
('0  X  2', 1, 63, 2),
('0  X  2', 1, 65, 1),
('0  X  2', 1, 67, 1),
('0  X  2', 1, 68, 2),
('0  X  2', 1, 69, 1),
('0  X  2', 1, 70, 1),
('0  X  2', 1, 71, 2),
('0  X  2', 1, 78, 1),
('0  X  2', 1, 80, 1),
('0  X  2', 1, 81, 2),
('0  X  2', 1, 82, 3),
('0  X  2', 1, 84, 2),
('0  X  2', 1, 96, 1),
('0  X  2', 1, 97, 1),
('0  X  2', 1, 98, 1),
('0  X  2', 1, 100, 1),
('0  X  2', 1, 101, 4),
('0  X  2', 1, 103, 1),
('0  X  2', 1, 104, 4),
('0  X  2', 1, 117, 1),
('0  X  2', 1, 120, 1),
('0  X  2', 1, 121, 1),
('0  X  2', 1, 122, 4),
('0  X  2', 1, 123, 3),
('0  X  2', 1, 125, 3),
('0  X  2', 2, 55, 1),
('0  X  2', 2, 57, 3),
('0  X  2', 2, 60, 1),
('0  X  2', 2, 62, 1),
('0  X  2', 2, 85, 1),
('0  X  2', 2, 87, 1),
('0  X  2', 2, 88, 2),
('0  X  2', 2, 89, 1),
('0  X  2', 2, 90, 1),
('0  X  2', 2, 93, 1),
('0  X  2', 2, 110, 1),
('0  X  2', 2, 113, 1),
('0  X  2', 2, 114, 1),
('0  X  2', 2, 138, 4),
('0  X  2', 3, 31, 1),
('0  X  2', 3, 34, 2),
('0  X  2', 3, 39, 1),
('0  X  2', 3, 45, 1),
('0  X  2', 3, 46, 1),
('0  X  2', 3, 48, 1),
('0  X  3', 1, 2, 3),
('0  X  3', 1, 7, 4),
('0  X  3', 1, 12, 1),
('0  X  3', 1, 15, 1),
('0  X  3', 1, 17, 1),
('0  X  3', 1, 63, 1),
('0  X  3', 1, 77, 2),
('0  X  3', 1, 84, 2),
('0  X  3', 1, 97, 2),
('0  X  3', 1, 99, 1),
('0  X  3', 1, 100, 2),
('0  X  3', 1, 101, 2),
('0  X  3', 1, 104, 1),
('0  X  3', 1, 116, 1),
('0  X  3', 1, 122, 1),
('0  X  3', 1, 125, 3),
('0  X  3', 2, 53, 2),
('0  X  3', 2, 55, 1),
('0  X  3', 2, 88, 1),
('0  X  3', 2, 89, 1),
('0  X  3', 2, 108, 1),
('0  X  3', 2, 113, 1),
('0  X  3', 3, 34, 1),
('0  X  4', 1, 7, 1),
('0  X  4', 2, 90, 1),
('0  X  5', 1, 104, 1),
('1  X  0', 1, 2, 0),
('1  X  0', 1, 5, 3),
('1  X  0', 1, 8, 5),
('1  X  0', 1, 9, 2),
('1  X  0', 1, 11, 1),
('1  X  0', 1, 12, 1),
('1  X  0', 1, 13, 2),
('1  X  0', 1, 15, 1),
('1  X  0', 1, 16, 3),
('1  X  0', 1, 18, 1),
('1  X  0', 1, 19, 1),
('1  X  0', 1, 20, 6),
('1  X  0', 1, 22, 2),
('1  X  0', 1, 24, 1),
('1  X  0', 1, 27, 1),
('1  X  0', 1, 29, 1),
('1  X  0', 1, 66, 1),
('1  X  0', 1, 67, 1),
('1  X  0', 1, 71, 1),
('1  X  0', 1, 72, 2),
('1  X  0', 1, 76, 4),
('1  X  0', 1, 77, 2),
('1  X  0', 1, 78, 1),
('1  X  0', 1, 79, 1),
('1  X  0', 1, 80, 2),
('1  X  0', 1, 81, 1),
('1  X  0', 1, 82, 2),
('1  X  0', 1, 97, 1),
('1  X  0', 1, 99, 3),
('1  X  0', 1, 100, 2),
('1  X  0', 1, 102, 5),
('1  X  0', 1, 103, 3),
('1  X  0', 1, 115, 4),
('1  X  0', 1, 116, 1),
('1  X  0', 1, 117, 4),
('1  X  0', 1, 119, 6),
('1  X  0', 1, 120, 3),
('1  X  0', 1, 121, 3),
('1  X  0', 1, 123, 2),
('1  X  0', 1, 125, 1),
('1  X  0', 2, 53, 1),
('1  X  0', 2, 56, 1),
('1  X  0', 2, 58, 1),
('1  X  0', 2, 59, 2),
('1  X  0', 2, 60, 1),
('1  X  0', 2, 62, 4),
('1  X  0', 2, 85, 3),
('1  X  0', 2, 87, 1),
('1  X  0', 2, 92, 1),
('1  X  0', 2, 105, 6),
('1  X  0', 2, 106, 3),
('1  X  0', 2, 107, 2),
('1  X  0', 2, 108, 1),
('1  X  0', 2, 109, 3),
('1  X  0', 2, 111, 3),
('1  X  0', 2, 112, 1),
('1  X  0', 2, 113, 2),
('1  X  0', 2, 114, 3),
('1  X  0', 2, 136, 4),
('1  X  0', 2, 137, 4),
('1  X  0', 3, 35, 1),
('1  X  0', 3, 41, 1),
('1  X  0', 3, 47, 1),
('1  X  0', 3, 73, 1),
('1  X  1', 1, 1, 5),
('1  X  1', 1, 3, 4),
('1  X  1', 1, 4, 1),
('1  X  1', 1, 5, 3),
('1  X  1', 1, 6, 1),
('1  X  1', 1, 7, 1),
('1  X  1', 1, 8, 3),
('1  X  1', 1, 10, 4),
('1  X  1', 1, 11, 4),
('1  X  1', 1, 12, 3),
('1  X  1', 1, 13, 4),
('1  X  1', 1, 14, 8),
('1  X  1', 1, 15, 2),
('1  X  1', 1, 16, 3),
('1  X  1', 1, 17, 2),
('1  X  1', 1, 18, 1),
('1  X  1', 1, 19, 2),
('1  X  1', 1, 20, 2),
('1  X  1', 1, 22, 2),
('1  X  1', 1, 24, 1),
('1  X  1', 1, 25, 1),
('1  X  1', 1, 28, 1),
('1  X  1', 1, 30, 1),
('1  X  1', 1, 63, 1),
('1  X  1', 1, 65, 1),
('1  X  1', 1, 66, 3),
('1  X  1', 1, 67, 1),
('1  X  1', 1, 69, 1),
('1  X  1', 1, 71, 1),
('1  X  1', 1, 72, 1),
('1  X  1', 1, 77, 2),
('1  X  1', 1, 78, 4),
('1  X  1', 1, 79, 1),
('1  X  1', 1, 80, 2),
('1  X  1', 1, 81, 1),
('1  X  1', 1, 83, 3),
('1  X  1', 1, 84, 1),
('1  X  1', 1, 95, 1),
('1  X  1', 1, 96, 2),
('1  X  1', 1, 97, 1),
('1  X  1', 1, 98, 1),
('1  X  1', 1, 99, 1),
('1  X  1', 1, 102, 1),
('1  X  1', 1, 103, 8),
('1  X  1', 1, 104, 2),
('1  X  1', 1, 115, 6),
('1  X  1', 1, 116, 2),
('1  X  1', 1, 118, 4),
('1  X  1', 1, 119, 2),
('1  X  1', 1, 120, 2),
('1  X  1', 1, 121, 1),
('1  X  1', 1, 122, 3),
('1  X  1', 1, 123, 3),
('1  X  1', 1, 125, 1),
('1  X  1', 2, 54, 1),
('1  X  1', 2, 55, 1),
('1  X  1', 2, 58, 1),
('1  X  1', 2, 61, 1),
('1  X  1', 2, 85, 2),
('1  X  1', 2, 86, 1),
('1  X  1', 2, 87, 2),
('1  X  1', 2, 88, 1),
('1  X  1', 2, 89, 1),
('1  X  1', 2, 91, 2),
('1  X  1', 2, 105, 1),
('1  X  1', 2, 106, 1),
('1  X  1', 2, 107, 2),
('1  X  1', 2, 108, 2),
('1  X  1', 2, 109, 3),
('1  X  1', 2, 111, 1),
('1  X  1', 2, 112, 1),
('1  X  1', 2, 113, 1),
('1  X  1', 2, 114, 3),
('1  X  1', 2, 136, 2),
('1  X  1', 2, 137, 1),
('1  X  1', 2, 138, 1),
('1  X  1', 3, 35, 1),
('1  X  1', 3, 41, 1),
('1  X  1', 3, 42, 1),
('1  X  1', 3, 48, 1),
('1  X  1', 3, 51, 1),
('1  X  10', 2, 93, 1),
('1  X  2', 1, 1, 3),
('1  X  2', 1, 2, 4),
('1  X  2', 1, 3, 2),
('1  X  2', 1, 4, 3),
('1  X  2', 1, 6, 5),
('1  X  2', 1, 7, 3),
('1  X  2', 1, 8, 1),
('1  X  2', 1, 10, 4),
('1  X  2', 1, 11, 6),
('1  X  2', 1, 12, 2),
('1  X  2', 1, 14, 2),
('1  X  2', 1, 15, 2),
('1  X  2', 1, 16, 1),
('1  X  2', 1, 17, 3),
('1  X  2', 1, 18, 2),
('1  X  2', 1, 19, 4),
('1  X  2', 1, 22, 1),
('1  X  2', 1, 23, 3),
('1  X  2', 1, 25, 1),
('1  X  2', 1, 28, 1),
('1  X  2', 1, 30, 1),
('1  X  2', 1, 63, 1),
('1  X  2', 1, 64, 1),
('1  X  2', 1, 66, 2),
('1  X  2', 1, 67, 1),
('1  X  2', 1, 68, 1),
('1  X  2', 1, 70, 1),
('1  X  2', 1, 71, 2),
('1  X  2', 1, 75, 1),
('1  X  2', 1, 76, 1),
('1  X  2', 1, 77, 3),
('1  X  2', 1, 78, 2),
('1  X  2', 1, 80, 1),
('1  X  2', 1, 82, 2),
('1  X  2', 1, 83, 3),
('1  X  2', 1, 84, 5),
('1  X  2', 1, 95, 2),
('1  X  2', 1, 96, 1),
('1  X  2', 1, 97, 3),
('1  X  2', 1, 98, 2),
('1  X  2', 1, 99, 1),
('1  X  2', 1, 100, 2),
('1  X  2', 1, 101, 1),
('1  X  2', 1, 103, 2),
('1  X  2', 1, 104, 4),
('1  X  2', 1, 115, 2),
('1  X  2', 1, 116, 1),
('1  X  2', 1, 117, 2),
('1  X  2', 1, 120, 3),
('1  X  2', 1, 122, 4),
('1  X  2', 1, 123, 4),
('1  X  2', 1, 125, 5),
('1  X  2', 2, 56, 1),
('1  X  2', 2, 59, 2),
('1  X  2', 2, 61, 2),
('1  X  2', 2, 88, 1),
('1  X  2', 2, 89, 1),
('1  X  2', 2, 90, 1),
('1  X  2', 2, 91, 3),
('1  X  2', 2, 92, 2),
('1  X  2', 2, 93, 2),
('1  X  2', 2, 94, 2),
('1  X  2', 2, 105, 1),
('1  X  2', 2, 106, 2),
('1  X  2', 2, 107, 1),
('1  X  2', 2, 108, 1),
('1  X  2', 2, 109, 1),
('1  X  2', 2, 110, 3),
('1  X  2', 2, 111, 1),
('1  X  2', 2, 112, 1),
('1  X  2', 2, 113, 1),
('1  X  2', 2, 114, 2),
('1  X  2', 2, 136, 1),
('1  X  2', 2, 137, 2),
('1  X  2', 2, 138, 3),
('1  X  2', 3, 31, 2),
('1  X  2', 3, 34, 2),
('1  X  2', 3, 36, 2),
('1  X  2', 3, 42, 1),
('1  X  2', 3, 45, 1),
('1  X  2', 3, 51, 1),
('1  X  2', 3, 73, 2),
('1  X  3', 1, 2, 4),
('1  X  3', 1, 6, 0),
('1  X  3', 1, 7, 1),
('1  X  3', 1, 10, 1),
('1  X  3', 1, 12, 1),
('1  X  3', 1, 14, 1),
('1  X  3', 1, 17, 2),
('1  X  3', 1, 19, 3),
('1  X  3', 1, 20, 1),
('1  X  3', 1, 25, 1),
('1  X  3', 1, 28, 1),
('1  X  3', 1, 63, 2),
('1  X  3', 1, 64, 1),
('1  X  3', 1, 70, 1),
('1  X  3', 1, 72, 1),
('1  X  3', 1, 77, 1),
('1  X  3', 1, 78, 1),
('1  X  3', 1, 82, 1),
('1  X  3', 1, 83, 2),
('1  X  3', 1, 84, 2),
('1  X  3', 1, 97, 5),
('1  X  3', 1, 100, 2),
('1  X  3', 1, 102, 2),
('1  X  3', 1, 104, 2),
('1  X  3', 1, 118, 1),
('1  X  3', 1, 122, 2),
('1  X  3', 1, 123, 2),
('1  X  3', 1, 125, 2),
('1  X  3', 2, 53, 1),
('1  X  3', 2, 57, 1),
('1  X  3', 2, 59, 2),
('1  X  3', 2, 60, 1),
('1  X  3', 2, 87, 1),
('1  X  3', 2, 92, 1),
('1  X  3', 2, 106, 1),
('1  X  3', 2, 109, 1),
('1  X  3', 2, 110, 1),
('1  X  3', 2, 113, 1),
('1  X  3', 2, 138, 1),
('1  X  4', 1, 79, 1),
('1  X  4', 1, 95, 1),
('1  X  4', 1, 120, 1),
('1  X  4', 1, 123, 1),
('1  X  4', 1, 125, 1),
('1  X  4', 2, 60, 1),
('1  X  4', 2, 138, 1),
('1  X  5', 2, 62, 1),
('1  X  6', 1, 120, 1),
('10  X  0', 3, 35, 1),
('10  X  2', 3, 33, 1),
('16  X  2', 1, 121, 1),
('18  X  18', 2, 112, 1),
('18  X  19', 3, 50, 1),
('2  X  0', 1, 1, 2),
('2  X  0', 1, 2, 1),
('2  X  0', 1, 3, 1),
('2  X  0', 1, 4, 2),
('2  X  0', 1, 5, 2),
('2  X  0', 1, 8, 2),
('2  X  0', 1, 9, 9),
('2  X  0', 1, 10, 2),
('2  X  0', 1, 11, 1),
('2  X  0', 1, 12, 1),
('2  X  0', 1, 13, 5),
('2  X  0', 1, 14, 1),
('2  X  0', 1, 15, 4),
('2  X  0', 1, 16, 2),
('2  X  0', 1, 17, 1),
('2  X  0', 1, 18, 1),
('2  X  0', 1, 19, 3),
('2  X  0', 1, 20, 3),
('2  X  0', 1, 22, 1),
('2  X  0', 1, 24, 1),
('2  X  0', 1, 26, 2),
('2  X  0', 1, 27, 2),
('2  X  0', 1, 29, 1),
('2  X  0', 1, 30, 1),
('2  X  0', 1, 64, 3),
('2  X  0', 1, 65, 3),
('2  X  0', 1, 66, 3),
('2  X  0', 1, 68, 2),
('2  X  0', 1, 69, 1),
('2  X  0', 1, 70, 1),
('2  X  0', 1, 75, 5),
('2  X  0', 1, 76, 3),
('2  X  0', 1, 77, 1),
('2  X  0', 1, 78, 1),
('2  X  0', 1, 79, 6),
('2  X  0', 1, 80, 3),
('2  X  0', 1, 81, 3),
('2  X  0', 1, 82, 1),
('2  X  0', 1, 83, 1),
('2  X  0', 1, 95, 5),
('2  X  0', 1, 98, 2),
('2  X  0', 1, 99, 3),
('2  X  0', 1, 100, 2),
('2  X  0', 1, 101, 1),
('2  X  0', 1, 102, 8),
('2  X  0', 1, 103, 2),
('2  X  0', 1, 115, 3),
('2  X  0', 1, 116, 9),
('2  X  0', 1, 117, 2),
('2  X  0', 1, 118, 1),
('2  X  0', 1, 119, 5),
('2  X  0', 1, 120, 1),
('2  X  0', 1, 121, 10),
('2  X  0', 1, 123, 1),
('2  X  0', 1, 125, 1),
('2  X  0', 2, 53, 1),
('2  X  0', 2, 54, 2),
('2  X  0', 2, 55, 2),
('2  X  0', 2, 56, 1),
('2  X  0', 2, 58, 2),
('2  X  0', 2, 86, 2),
('2  X  0', 2, 87, 2),
('2  X  0', 2, 88, 1),
('2  X  0', 2, 91, 1),
('2  X  0', 2, 105, 5),
('2  X  0', 2, 107, 4),
('2  X  0', 2, 108, 4),
('2  X  0', 2, 109, 1),
('2  X  0', 2, 110, 1),
('2  X  0', 2, 111, 2),
('2  X  0', 2, 112, 2),
('2  X  0', 2, 136, 1),
('2  X  0', 2, 137, 2),
('2  X  0', 3, 32, 3),
('2  X  0', 3, 35, 2),
('2  X  0', 3, 36, 1),
('2  X  0', 3, 37, 1),
('2  X  0', 3, 38, 1),
('2  X  0', 3, 42, 1),
('2  X  0', 3, 43, 2),
('2  X  0', 3, 47, 3),
('2  X  0', 3, 48, 1),
('2  X  0', 3, 52, 2),
('2  X  0', 3, 73, 1),
('2  X  0', 3, 74, 5),
('2  X  1', 1, 1, 2),
('2  X  1', 1, 3, 2),
('2  X  1', 1, 5, 5),
('2  X  1', 1, 6, 2),
('2  X  1', 1, 8, 4),
('2  X  1', 1, 9, 7),
('2  X  1', 1, 10, 1),
('2  X  1', 1, 11, 6),
('2  X  1', 1, 12, 1),
('2  X  1', 1, 13, 2),
('2  X  1', 1, 14, 1),
('2  X  1', 1, 15, 4),
('2  X  1', 1, 16, 3),
('2  X  1', 1, 17, 1),
('2  X  1', 1, 18, 9),
('2  X  1', 1, 19, 1),
('2  X  1', 1, 20, 1),
('2  X  1', 1, 21, 1),
('2  X  1', 1, 22, 2),
('2  X  1', 1, 25, 1),
('2  X  1', 1, 27, 1),
('2  X  1', 1, 28, 1),
('2  X  1', 1, 29, 3),
('2  X  1', 1, 30, 1),
('2  X  1', 1, 63, 2),
('2  X  1', 1, 64, 4),
('2  X  1', 1, 65, 1),
('2  X  1', 1, 66, 1),
('2  X  1', 1, 67, 2),
('2  X  1', 1, 68, 3),
('2  X  1', 1, 69, 4),
('2  X  1', 1, 72, 2),
('2  X  1', 1, 75, 3),
('2  X  1', 1, 76, 3),
('2  X  1', 1, 77, 2),
('2  X  1', 1, 78, 3),
('2  X  1', 1, 79, 3),
('2  X  1', 1, 80, 3),
('2  X  1', 1, 81, 1),
('2  X  1', 1, 83, 2),
('2  X  1', 1, 95, 2),
('2  X  1', 1, 96, 2),
('2  X  1', 1, 98, 3),
('2  X  1', 1, 99, 3),
('2  X  1', 1, 100, 2),
('2  X  1', 1, 101, 2),
('2  X  1', 1, 102, 5),
('2  X  1', 1, 103, 6),
('2  X  1', 1, 115, 3),
('2  X  1', 1, 116, 2),
('2  X  1', 1, 117, 5),
('2  X  1', 1, 118, 10),
('2  X  1', 1, 119, 7),
('2  X  1', 1, 120, 6),
('2  X  1', 1, 121, 2),
('2  X  1', 1, 122, 2),
('2  X  1', 1, 123, 1),
('2  X  1', 2, 53, 1),
('2  X  1', 2, 54, 2),
('2  X  1', 2, 55, 3),
('2  X  1', 2, 56, 2),
('2  X  1', 2, 57, 2),
('2  X  1', 2, 58, 2),
('2  X  1', 2, 59, 1),
('2  X  1', 2, 61, 2),
('2  X  1', 2, 62, 1),
('2  X  1', 2, 86, 3),
('2  X  1', 2, 89, 3),
('2  X  1', 2, 90, 1),
('2  X  1', 2, 91, 1),
('2  X  1', 2, 92, 1),
('2  X  1', 2, 93, 1),
('2  X  1', 2, 94, 1),
('2  X  1', 2, 106, 3),
('2  X  1', 2, 107, 3),
('2  X  1', 2, 108, 2),
('2  X  1', 2, 109, 2),
('2  X  1', 2, 110, 5),
('2  X  1', 2, 111, 3),
('2  X  1', 2, 113, 1),
('2  X  1', 2, 136, 2),
('2  X  1', 2, 138, 3),
('2  X  1', 3, 31, 3),
('2  X  1', 3, 33, 3),
('2  X  1', 3, 35, 1),
('2  X  1', 3, 36, 1),
('2  X  1', 3, 37, 1),
('2  X  1', 3, 38, 1),
('2  X  1', 3, 39, 1),
('2  X  1', 3, 40, 1),
('2  X  1', 3, 41, 1),
('2  X  1', 3, 42, 1),
('2  X  1', 3, 45, 1),
('2  X  1', 3, 46, 1),
('2  X  1', 3, 47, 2),
('2  X  1', 3, 49, 0),
('2  X  1', 3, 50, 4),
('2  X  1', 3, 51, 2),
('2  X  1', 3, 52, 1),
('2  X  1', 3, 73, 2),
('2  X  1', 3, 74, 3),
('2  X  2', 1, 1, 1),
('2  X  2', 1, 3, 3),
('2  X  2', 1, 4, 1),
('2  X  2', 1, 6, 4),
('2  X  2', 1, 8, 0),
('2  X  2', 1, 10, 2),
('2  X  2', 1, 11, 1),
('2  X  2', 1, 12, 2),
('2  X  2', 1, 14, 3),
('2  X  2', 1, 15, 1),
('2  X  2', 1, 17, 3),
('2  X  2', 1, 19, 2),
('2  X  2', 1, 20, 1),
('2  X  2', 1, 24, 1),
('2  X  2', 1, 25, 2),
('2  X  2', 1, 28, 1),
('2  X  2', 1, 63, 1),
('2  X  2', 1, 69, 3),
('2  X  2', 1, 72, 1),
('2  X  2', 1, 75, 2),
('2  X  2', 1, 77, 1),
('2  X  2', 1, 81, 2),
('2  X  2', 1, 82, 1),
('2  X  2', 1, 83, 2),
('2  X  2', 1, 96, 2),
('2  X  2', 1, 98, 1),
('2  X  2', 1, 100, 1),
('2  X  2', 1, 101, 1),
('2  X  2', 1, 103, 2),
('2  X  2', 1, 104, 1),
('2  X  2', 1, 118, 2),
('2  X  2', 1, 119, 1),
('2  X  2', 1, 122, 2),
('2  X  2', 1, 123, 1),
('2  X  2', 1, 125, 2),
('2  X  2', 2, 54, 1),
('2  X  2', 2, 62, 1),
('2  X  2', 2, 88, 1),
('2  X  2', 2, 90, 1),
('2  X  2', 2, 91, 1),
('2  X  2', 2, 92, 3),
('2  X  2', 2, 93, 1),
('2  X  2', 2, 94, 1),
('2  X  2', 2, 105, 2),
('2  X  2', 2, 106, 1),
('2  X  2', 2, 108, 3),
('2  X  2', 2, 109, 2),
('2  X  2', 2, 111, 2),
('2  X  2', 2, 136, 1),
('2  X  2', 2, 137, 1),
('2  X  2', 2, 138, 1),
('2  X  2', 3, 36, 1),
('2  X  2', 3, 38, 1),
('2  X  2', 3, 39, 1),
('2  X  2', 3, 48, 1),
('2  X  2', 3, 50, 1),
('2  X  3', 1, 4, 1),
('2  X  3', 1, 6, 2),
('2  X  3', 1, 14, 1),
('2  X  3', 1, 16, 1),
('2  X  3', 1, 64, 1),
('2  X  3', 1, 71, 2),
('2  X  3', 1, 76, 1),
('2  X  3', 1, 80, 1),
('2  X  3', 1, 82, 1),
('2  X  3', 1, 96, 2),
('2  X  3', 1, 99, 1),
('2  X  3', 1, 101, 2),
('2  X  3', 1, 104, 3),
('2  X  3', 1, 117, 1),
('2  X  3', 1, 118, 1),
('2  X  3', 1, 119, 2),
('2  X  3', 1, 120, 2),
('2  X  3', 1, 122, 2),
('2  X  3', 2, 92, 1),
('2  X  3', 2, 110, 1),
('2  X  3', 2, 113, 1),
('2  X  3', 2, 114, 1),
('2  X  3', 2, 136, 1),
('2  X  3', 3, 51, 1),
('2  X  3', 3, 74, 1),
('2  X  4', 1, 18, 1),
('2  X  4', 1, 77, 1),
('2  X  4', 1, 104, 1),
('2  X  4', 1, 117, 1),
('2  X  4', 2, 93, 1),
('2  X  5', 1, 72, 1),
('2  X  5', 3, 34, 1),
('2  X  7', 3, 36, 1),
('3  X  0', 1, 8, 1),
('3  X  0', 1, 9, 3),
('3  X  0', 1, 10, 5),
('3  X  0', 1, 13, 3),
('3  X  0', 1, 15, 1),
('3  X  0', 1, 16, 1),
('3  X  0', 1, 20, 1),
('3  X  0', 1, 26, 1),
('3  X  0', 1, 27, 1),
('3  X  0', 1, 29, 1),
('3  X  0', 1, 64, 1),
('3  X  0', 1, 65, 2),
('3  X  0', 1, 75, 1),
('3  X  0', 1, 78, 1),
('3  X  0', 1, 79, 1),
('3  X  0', 1, 83, 1),
('3  X  0', 1, 96, 2),
('3  X  0', 1, 99, 2),
('3  X  0', 1, 102, 1),
('3  X  0', 1, 115, 1),
('3  X  0', 1, 121, 1),
('3  X  0', 2, 56, 2),
('3  X  0', 2, 58, 1),
('3  X  0', 2, 86, 1),
('3  X  0', 2, 92, 1),
('3  X  0', 2, 107, 1),
('3  X  0', 2, 108, 1),
('3  X  0', 2, 112, 1),
('3  X  0', 2, 136, 1),
('3  X  0', 3, 32, 2),
('3  X  0', 3, 33, 1),
('3  X  0', 3, 38, 1),
('3  X  0', 3, 40, 1),
('3  X  0', 3, 41, 1),
('3  X  0', 3, 43, 1),
('3  X  0', 3, 48, 1),
('3  X  0', 3, 49, 2),
('3  X  0', 3, 52, 2),
('3  X  0', 3, 73, 1),
('3  X  1', 1, 3, 1),
('3  X  1', 1, 4, 1),
('3  X  1', 1, 5, 2),
('3  X  1', 1, 8, 2),
('3  X  1', 1, 9, 1),
('3  X  1', 1, 10, 1),
('3  X  1', 1, 11, 1),
('3  X  1', 1, 13, 3),
('3  X  1', 1, 15, 2),
('3  X  1', 1, 16, 1),
('3  X  1', 1, 18, 1),
('3  X  1', 1, 20, 1),
('3  X  1', 1, 25, 1),
('3  X  1', 1, 26, 2),
('3  X  1', 1, 27, 1),
('3  X  1', 1, 63, 1),
('3  X  1', 1, 64, 2),
('3  X  1', 1, 65, 3),
('3  X  1', 1, 67, 1),
('3  X  1', 1, 70, 3),
('3  X  1', 1, 71, 1),
('3  X  1', 1, 72, 1),
('3  X  1', 1, 75, 3),
('3  X  1', 1, 79, 3),
('3  X  1', 1, 81, 1),
('3  X  1', 1, 83, 1),
('3  X  1', 1, 95, 2),
('3  X  1', 1, 98, 1),
('3  X  1', 1, 100, 1),
('3  X  1', 1, 102, 1),
('3  X  1', 1, 104, 1),
('3  X  1', 1, 115, 2),
('3  X  1', 1, 116, 5),
('3  X  1', 1, 117, 1),
('3  X  1', 1, 118, 3),
('3  X  1', 1, 119, 2),
('3  X  1', 1, 121, 3),
('3  X  1', 1, 123, 1),
('3  X  1', 2, 53, 2),
('3  X  1', 2, 54, 1),
('3  X  1', 2, 58, 1),
('3  X  1', 2, 61, 1),
('3  X  1', 2, 85, 1),
('3  X  1', 2, 86, 1),
('3  X  1', 2, 90, 1),
('3  X  1', 2, 91, 1),
('3  X  1', 2, 93, 1),
('3  X  1', 2, 94, 3),
('3  X  1', 2, 107, 2),
('3  X  1', 2, 113, 1),
('3  X  1', 2, 137, 2),
('3  X  1', 3, 31, 1),
('3  X  1', 3, 33, 1),
('3  X  1', 3, 38, 2),
('3  X  1', 3, 40, 1),
('3  X  1', 3, 44, 2),
('3  X  1', 3, 46, 1),
('3  X  1', 3, 48, 2),
('3  X  1', 3, 49, 2),
('3  X  1', 3, 51, 1),
('3  X  1', 3, 52, 1),
('3  X  1', 3, 73, 2),
('3  X  1', 3, 74, 3),
('3  X  2', 1, 5, 1),
('3  X  2', 1, 8, 1),
('3  X  2', 1, 10, 1),
('3  X  2', 1, 12, 1),
('3  X  2', 1, 14, 1),
('3  X  2', 1, 15, 1),
('3  X  2', 1, 16, 1),
('3  X  2', 1, 19, 1),
('3  X  2', 1, 65, 1),
('3  X  2', 1, 69, 1),
('3  X  2', 1, 70, 1),
('3  X  2', 1, 76, 1),
('3  X  2', 1, 80, 2),
('3  X  2', 1, 81, 3),
('3  X  2', 1, 95, 1),
('3  X  2', 1, 117, 1),
('3  X  2', 1, 123, 1),
('3  X  2', 1, 125, 1),
('3  X  2', 2, 56, 1),
('3  X  2', 2, 60, 1),
('3  X  2', 2, 61, 1),
('3  X  2', 2, 105, 1),
('3  X  2', 2, 106, 3),
('3  X  2', 2, 113, 1),
('3  X  2', 3, 32, 1),
('3  X  2', 3, 37, 1),
('3  X  2', 3, 45, 1),
('3  X  2', 3, 47, 1),
('3  X  2', 3, 49, 1),
('3  X  2', 3, 51, 1),
('3  X  2', 3, 74, 2),
('3  X  3', 1, 3, 1),
('3  X  3', 1, 72, 1),
('3  X  3', 1, 76, 1),
('3  X  3', 1, 122, 1),
('3  X  3', 2, 59, 1),
('3  X  3', 2, 94, 1),
('3  X  3', 2, 111, 1),
('3  X  4', 1, 71, 1),
('3  X  4', 1, 84, 1),
('3  X  4', 2, 91, 0),
('3  X  4', 3, 38, 1),
('4  X  0', 1, 13, 1),
('4  X  0', 3, 37, 1),
('4  X  0', 3, 49, 2),
('4  X  1', 1, 116, 1),
('4  X  1', 1, 120, 1),
('4  X  1', 1, 121, 1),
('4  X  1', 2, 109, 1),
('4  X  1', 2, 112, 1),
('4  X  1', 3, 32, 1),
('4  X  1', 3, 33, 1),
('4  X  1', 3, 37, 2),
('4  X  1', 3, 44, 1),
('4  X  1', 3, 50, 1),
('4  X  2', 1, 66, 1),
('4  X  2', 1, 70, 1),
('4  X  2', 2, 94, 1),
('4  X  2', 3, 37, 1),
('4  X  2', 3, 52, 1),
('4  X  3', 1, 83, 1),
('4  X  3', 2, 88, 1),
('4  X  4', 2, 54, 1),
('4  X  5', 1, 70, 1),
('5  X  0', 1, 102, 1),
('5  X  1', 2, 108, 1),
('5  X  3', 1, 68, 1),
('5  X  3', 1, 118, 1),
('6  X  0', 1, 103, 1),
('9  X  0', 2, 105, 1),
('9  X  7', 2, 94, 1);

-- --------------------------------------------------------

--
-- Estrutura da tabela `jogo`
--

CREATE TABLE IF NOT EXISTS `jogo` (
  `id` int(11) NOT NULL auto_increment,
  `campeonato_id` int(11) default NULL,
  `rodada_id` int(11) default NULL,
  `dataJogo` varchar(50) default NULL,
  `codTime1` int(11) default NULL,
  `codTime2` int(11) default NULL,
  `golsTime1` int(11) default NULL,
  `golsTime2` int(11) default NULL,
  `dataInicioApostas` datetime default NULL,
  `dataFimApostas` datetime default NULL,
  `escudosJogo` text,
  PRIMARY KEY  (`id`),
  KEY `campeonato_id` (`campeonato_id`),
  KEY `rodada_id` (`rodada_id`),
  KEY `FK_jogo_rodada` (`rodada_id`,`campeonato_id`)
) ENGINE=InnoDB  DEFAULT CHARSET=latin1 AUTO_INCREMENT=156 ;

--
-- Extraindo dados da tabela `jogo`
--

INSERT INTO `jogo` (`id`, `campeonato_id`, `rodada_id`, `dataJogo`, `codTime1`, `codTime2`, `golsTime1`, `golsTime2`, `dataInicioApostas`, `dataFimApostas`, `escudosJogo`) VALUES
(1, 1, 12, '2012-07-25 19:30:00', 15, 19, 1, 1, '2012-07-23 00:00:00', '2012-07-25 18:30:00', 'imagens/jogos/ponte-pretaxsport.png'),
(2, 1, 12, '2012-07-25 19:30:00', 8, 12, 0, 1, '2012-07-23 00:00:00', '2012-07-25 18:30:00', 'imagens/jogos/figueirensexinternacional.png'),
(3, 1, 12, '2012-07-25 20:30:00', 20, 4, 1, 0, '2012-07-23 00:00:00', '2012-07-25 19:30:00', 'imagens/jogos/vascoxbotafogo.png'),
(4, 1, 12, '2012-07-25 20:30:00', 13, 6, 3, 4, '2012-07-23 00:00:00', '2012-07-25 19:30:00', 'imagens/jogos/nauticoxcoritiba.png'),
(5, 1, 12, '2012-07-25 21:50:00', 5, 7, 2, 0, '2012-07-23 00:00:00', '2012-07-25 20:50:00', 'imagens/jogos/corinthiansxcruzeiro.png'),
(6, 1, 12, '2012-07-25 21:50:00', 11, 10, 1, 0, '2012-07-23 00:00:00', '2012-07-25 20:50:00', 'imagens/jogos/gremioxfluminense.png'),
(7, 1, 12, '2012-07-25 21:50:00', 1, 18, 4, 3, '2012-07-23 00:00:00', '2012-07-25 20:50:00', 'imagens/jogos/atletico-goxsao-paulo.png'),
(8, 1, 12, '2012-07-26 21:00:00', 9, 16, 0, 0, '2012-07-24 00:00:00', '2012-07-26 20:00:00', 'imagens/jogos/flamengoxportuguesa-sp.png'),
(9, 1, 12, '2012-07-26 21:00:00', 14, 3, 0, 2, '2012-07-24 00:00:00', '2012-07-26 20:00:00', 'imagens/jogos/palmeirasxbahia.png'),
(10, 1, 12, '2012-07-26 21:00:00', 2, 17, 2, 0, '2012-07-24 00:00:00', '2012-07-26 20:00:00', 'imagens/jogos/atletico-mgxsantos.png'),
(11, 1, 13, '2012-07-28 18:30:00', 12, 20, 0, 0, '2012-07-26 00:00:00', '2012-07-28 17:30:00', 'imagens/jogos/internacionalxvasco.png'),
(12, 1, 13, '2012-07-28 18:30:00', 6, 11, 2, 1, '2012-07-26 00:00:00', '2012-07-28 17:30:00', 'imagens/jogos/coritibaxgremio.png'),
(13, 1, 13, '2012-07-28 21:00:00', 4, 8, 1, 0, '2012-07-26 00:00:00', '2012-07-28 20:00:00', 'imagens/jogos/botafogoxfigueirense.png'),
(14, 1, 13, '2012-07-29 16:00:00', 10, 2, 0, 0, '2012-07-27 00:00:00', '2012-07-29 15:00:00', 'imagens/jogos/fluminensexatletico-mg.png'),
(15, 1, 13, '2012-07-29 16:00:00', 18, 9, 4, 1, '2012-07-27 00:00:00', '2012-07-29 15:00:00', 'imagens/jogos/sao-pauloxflamengo.png'),
(16, 1, 13, '2012-07-29 16:00:00', 19, 1, 0, 0, '2012-07-27 00:00:00', '2012-07-29 15:00:00', 'imagens/jogos/sportxatletico-go.png'),
(17, 1, 13, '2012-07-29 16:00:00', 3, 5, 0, 0, '2012-07-27 00:00:00', '2012-07-29 15:00:00', 'imagens/jogos/bahiaxcorinthians.png'),
(18, 1, 13, '2012-07-29 18:30:00', 17, 15, 2, 1, '2012-07-27 00:00:00', '2012-07-29 17:30:00', 'imagens/jogos/santosxponte-preta.png'),
(19, 1, 13, '2012-07-29 18:30:00', 7, 14, 2, 1, '2012-07-27 00:00:00', '2012-07-29 17:30:00', 'imagens/jogos/cruzeiroxpalmeiras.png'),
(20, 1, 13, '2012-07-29 18:30:00', 16, 13, 3, 1, '2012-07-27 00:00:00', '2012-07-29 17:30:00', 'imagens/jogos/portuguesa-spxnautico.png'),
(21, 1, 14, '2012-09-26 21:00:00', 9, 2, NULL, NULL, '2012-09-24 00:00:00', '2012-09-26 20:00:00', 'imagens/jogos/flamengoxatletico-mg.png'),
(22, 1, 14, '2012-08-04 18:30:00', 14, 12, 0, 1, '2012-08-02 00:00:00', '2012-08-04 17:30:00', 'imagens/jogos/palmeirasxinternacional.png'),
(23, 1, 14, '2012-08-04 18:30:00', 1, 4, 1, 2, '2012-08-02 00:00:00', '2012-08-04 17:30:00', 'imagens/jogos/atletico-goxbotafogo.png'),
(24, 1, 14, '2012-08-04 21:00:00', 16, 8, 2, 0, '2012-08-02 00:00:00', '2012-08-04 20:00:00', 'imagens/jogos/portuguesa-spxfigueirense.png'),
(25, 1, 14, '2012-08-05 16:00:00', 20, 5, 0, 0, '2012-08-03 00:00:00', '2012-08-05 15:00:00', 'imagens/jogos/vascoxcorinthians.png'),
(26, 1, 14, '2012-08-05 16:00:00', 18, 19, 1, 0, '2012-08-03 00:00:00', '2012-08-05 15:00:00', 'imagens/jogos/sao-pauloxsport.png'),
(27, 1, 14, '2012-08-05 16:00:00', 11, 3, 3, 1, '2012-08-03 00:00:00', '2012-08-05 15:00:00', 'imagens/jogos/gremioxbahia.png'),
(28, 1, 14, '2012-08-05 16:00:00', 6, 10, 0, 2, '2012-08-03 00:00:00', '2012-08-05 15:00:00', 'imagens/jogos/coritibaxfluminense.png'),
(29, 1, 14, '2012-08-05 18:30:00', 7, 15, 1, 2, '2012-08-03 00:00:00', '2012-08-05 17:30:00', 'imagens/jogos/cruzeiroxponte-preta.png'),
(30, 1, 14, '2012-08-05 18:30:00', 13, 17, 3, 0, '2012-08-03 00:00:00', '2012-08-05 17:30:00', 'imagens/jogos/nauticoxsantos.png'),
(31, 3, 1, '2012-07-29 08:00:00', 21, 22, 1, 1, '2012-07-27 00:00:00', '2012-07-29 07:00:00', 'imagens/jogos/egitoxnova-zelandia.png'),
(32, 3, 1, '2012-07-29 10:30:00', 23, 24, 2, 0, '2012-07-27 00:00:00', '2012-07-29 09:30:00', 'imagens/jogos/mexicoxgabao.png'),
(33, 3, 1, '2012-07-29 11:00:00', 25, 26, 3, 1, '2012-07-27 00:00:00', '2012-07-29 10:00:00', 'imagens/jogos/brasilxbielo-russia.png'),
(34, 3, 1, '2012-07-29 13:00:00', 27, 28, 2, 0, '2012-07-27 00:00:00', '2012-07-29 12:00:00', 'imagens/jogos/senegalxuruguai.png'),
(35, 3, 1, '2012-07-29 13:00:00', 29, 30, 1, 0, '2012-07-27 00:00:00', '2012-07-29 12:00:00', 'imagens/jogos/japaoxmarrocos.png'),
(36, 3, 1, '2012-07-29 13:15:00', 31, 32, 2, 1, '2012-07-27 00:00:00', '2012-07-29 12:15:00', 'imagens/jogos/coreia-do-sulxsuica.png'),
(37, 3, 1, '2012-07-29 15:45:00', 33, 34, 0, 1, '2012-07-27 00:00:00', '2012-07-29 14:45:00', 'imagens/jogos/espanhaxhonduras.png'),
(38, 3, 1, '2012-07-29 15:45:00', 35, 36, 3, 1, '2012-07-27 00:00:00', '2012-07-29 14:45:00', 'imagens/jogos/reino-unidoxemiratos-arabes-unidos.png'),
(39, 3, 1, '2012-08-01 10:30:00', 21, 26, 3, 1, '2012-07-30 00:00:00', '2012-08-01 09:30:00', 'imagens/jogos/egitoxbielo-russia.png'),
(40, 3, 1, '2012-08-01 10:30:00', 25, 22, 3, 0, '2012-07-30 00:00:00', '2012-08-01 09:30:00', 'imagens/jogos/brasilxnova-zelandia.png'),
(41, 3, 1, '2012-08-01 13:00:00', 33, 30, 0, 0, '2012-07-30 00:00:00', '2012-08-01 12:00:00', 'imagens/jogos/espanhaxmarrocos.png'),
(42, 3, 1, '2012-08-01 13:00:00', 29, 34, 0, 0, '2012-07-30 00:00:00', '2012-08-01 12:00:00', 'imagens/jogos/japaoxhonduras.png'),
(43, 3, 1, '2012-08-01 13:00:00', 31, 24, 0, 0, '2012-07-30 00:00:00', '2012-08-01 12:00:00', 'imagens/jogos/coreia-do-sulxgabao.png'),
(44, 3, 1, '2012-08-01 13:00:00', 23, 32, 1, 0, '2012-07-30 00:00:00', '2012-08-01 12:00:00', 'imagens/jogos/mexicoxsuica.png'),
(45, 3, 1, '2012-08-01 15:45:00', 35, 28, 1, 0, '2012-07-30 00:00:00', '2012-08-01 14:45:00', 'imagens/jogos/reino-unidoxuruguai.png'),
(46, 3, 1, '2012-08-01 15:45:00', 27, 36, 1, 1, '2012-07-30 00:00:00', '2012-08-01 14:45:00', 'imagens/jogos/senegalxemiratos-arabes-unidos.png'),
(47, 3, 2, '2012-08-04 08:00:00', 29, 21, 3, 0, '2012-08-02 00:00:00', '2012-08-04 07:00:00', 'imagens/jogos/japaoxegito.png'),
(48, 3, 2, '2012-08-04 10:30:00', 23, 27, 4, 2, '2012-08-02 00:00:00', '2012-08-04 09:30:00', 'imagens/jogos/mexicoxsenegal.png'),
(49, 3, 2, '2012-08-04 13:00:00', 25, 34, 3, 2, '2012-08-02 00:00:00', '2012-08-04 12:00:00', 'imagens/jogos/brasilxhonduras.png'),
(50, 3, 2, '2012-08-04 15:30:00', 35, 31, 1, 1, '2012-08-02 00:00:00', '2012-08-04 14:30:00', 'imagens/jogos/reino-unidoxcoreia-do-sul.png'),
(51, 3, 3, '2012-08-07 13:00:00', 29, 23, 1, 3, '2012-08-05 00:00:00', '2012-08-07 12:00:00', 'imagens/jogos/japaoxmexico.png'),
(52, 3, 3, '2012-08-07 15:45:00', 25, 31, 3, 0, '2012-08-05 00:00:00', '2012-08-07 14:45:00', 'imagens/jogos/brasilxcoreia-do-sul.png'),
(53, 2, 16, '2012-08-07 21:00:00', 39, 41, 0, 2, '2012-08-05 00:00:00', '2012-08-07 20:00:00', 'imagens/jogos/america-rnxatletico-pr.png'),
(54, 2, 16, '2012-08-07 21:00:00', 45, 52, 0, 2, '2012-08-05 00:00:00', '2012-08-07 20:00:00', 'imagens/jogos/bragantinoxipatinga.png'),
(55, 2, 16, '2012-08-07 21:00:00', 42, 37, 3, 1, '2012-08-05 00:00:00', '2012-08-07 20:00:00', 'imagens/jogos/avaixabc.png'),
(56, 2, 16, '2012-08-10 21:00:00', 46, 43, 2, 0, '2012-08-08 00:00:00', '2012-08-10 20:00:00', 'imagens/jogos/cearaxbarueri.png'),
(57, 2, 16, '2012-08-10 21:00:00', 40, 50, 1, 0, '2012-08-08 00:00:00', '2012-08-10 20:00:00', 'imagens/jogos/asaxguarani.png'),
(58, 2, 16, '2012-08-11 16:20:00', 49, 44, 2, 0, '2012-08-09 00:00:00', '2012-08-11 15:20:00', 'imagens/jogos/goiasxboa-esporte.png'),
(59, 2, 16, '2012-08-11 16:20:00', 55, 48, 1, 1, '2012-08-09 00:00:00', '2012-08-11 15:20:00', 'imagens/jogos/sao-caetanoxcriciuma.png'),
(60, 2, 16, '2012-08-11 16:20:00', 51, 53, 0, 3, '2012-08-09 00:00:00', '2012-08-11 15:20:00', 'imagens/jogos/guaratinguetaxjoinville.png'),
(61, 2, 16, '2012-08-11 16:20:00', 38, 56, 1, 2, '2012-08-09 00:00:00', '2012-08-11 15:20:00', 'imagens/jogos/america-mgxvitoria.png'),
(62, 2, 16, '2012-08-11 16:20:00', 54, 47, 4, 0, '2012-08-09 00:00:00', '2012-08-11 15:20:00', 'imagens/jogos/paranaxcrb.png'),
(63, 1, 15, '2012-08-08 19:30:00', 19, 20, 0, 2, '2012-08-06 00:00:00', '2012-08-08 18:30:00', 'imagens/jogos/sportxvasco.png'),
(64, 1, 15, '2012-08-08 19:30:00', 12, 13, 0, 0, '2012-08-06 00:00:00', '2012-08-08 18:30:00', 'imagens/jogos/internacionalxnautico.png'),
(65, 1, 15, '2012-08-08 20:30:00', 5, 1, 1, 1, '2012-08-06 00:00:00', '2012-08-08 19:30:00', 'imagens/jogos/corinthiansxatletico-go.png'),
(66, 1, 15, '2012-08-08 20:30:00', 3, 16, 0, 0, '2012-08-06 00:00:00', '2012-08-08 19:30:00', 'imagens/jogos/bahiaxportuguesa-sp.png'),
(67, 1, 15, '2012-08-08 21:50:00', 17, 7, 4, 2, '2012-08-06 00:00:00', '2012-08-08 20:50:00', 'imagens/jogos/santosxcruzeiro.png'),
(68, 1, 15, '2012-08-08 21:50:00', 8, 9, 0, 2, '2012-08-06 00:00:00', '2012-08-08 20:50:00', 'imagens/jogos/figueirensexflamengo.png'),
(69, 1, 15, '2012-08-08 21:50:00', 4, 14, 1, 2, '2012-08-06 00:00:00', '2012-08-08 20:50:00', 'imagens/jogos/botafogoxpalmeiras.png'),
(70, 1, 15, '2012-08-09 21:00:00', 2, 6, 1, 0, '2012-08-07 00:00:00', '2012-08-09 20:00:00', 'imagens/jogos/atletico-mgxcoritiba.png'),
(71, 1, 15, '2012-08-09 21:00:00', 15, 11, 0, 0, '2012-08-07 00:00:00', '2012-08-09 20:00:00', 'imagens/jogos/ponte-pretaxgremio.png'),
(72, 1, 15, '2012-08-09 21:00:00', 10, 18, 2, 1, '2012-08-07 00:00:00', '2012-08-09 20:00:00', 'imagens/jogos/fluminensexsao-paulo.png'),
(73, 3, 4, '2012-08-10 10:45:00', 29, 31, 0, 2, '2012-08-08 00:00:00', '2012-08-10 09:45:00', 'imagens/jogos/japaoxcoreia-do-sul.png'),
(74, 3, 4, '2012-08-11 11:00:00', 25, 23, 1, 2, '2012-08-09 00:00:00', '2012-08-11 10:00:00', 'imagens/jogos/brasilxmexico.png'),
(75, 1, 16, '2012-08-11 18:30:00', 17, 1, 2, 2, '2012-08-09 00:00:00', '2012-08-11 17:30:00', 'imagens/jogos/santosxatletico-go.png'),
(76, 1, 16, '2012-08-11 18:30:00', 19, 8, 0, 1, '2012-08-09 00:00:00', '2012-08-11 17:30:00', 'imagens/jogos/sportxfigueirense.png'),
(77, 1, 16, '2012-08-11 18:30:00', 3, 7, 0, 1, '2012-08-09 00:00:00', '2012-08-11 17:30:00', 'imagens/jogos/bahiaxcruzeiro.png'),
(78, 1, 16, '2012-08-11 21:00:00', 9, 13, 2, 0, '2012-08-09 00:00:00', '2012-08-11 20:00:00', 'imagens/jogos/flamengoxnautico.png'),
(79, 1, 16, '2012-08-12 16:00:00', 12, 15, 2, 1, '2012-08-10 00:00:00', '2012-08-12 15:00:00', 'imagens/jogos/internacionalxponte-preta.png'),
(80, 1, 16, '2012-08-12 16:00:00', 18, 11, 1, 2, '2012-08-10 00:00:00', '2012-08-12 15:00:00', 'imagens/jogos/sao-pauloxgremio.png'),
(81, 1, 16, '2012-08-12 16:00:00', 2, 20, 1, 0, '2012-08-10 00:00:00', '2012-08-12 15:00:00', 'imagens/jogos/atletico-mgxvasco.png'),
(82, 1, 16, '2012-08-12 16:00:00', 6, 5, 1, 2, '2012-08-10 00:00:00', '2012-08-12 15:00:00', 'imagens/jogos/coritibaxcorinthians.png'),
(83, 1, 16, '2012-08-12 18:30:00', 10, 14, 1, 0, '2012-08-10 00:00:00', '2012-08-12 17:30:00', 'imagens/jogos/fluminensexpalmeiras.png'),
(84, 1, 16, '2012-08-12 18:30:00', 16, 4, 1, 1, '2012-08-10 00:00:00', '2012-08-12 17:30:00', 'imagens/jogos/portuguesa-spxbotafogo.png'),
(85, 2, 17, '2012-08-14 19:30:00', 53, 45, 1, 0, '2012-08-12 00:00:00', '2012-08-14 18:30:00', 'imagens/jogos/joinvillexbragantino.png'),
(86, 2, 17, '2012-08-14 19:30:00', 56, 51, 2, 0, '2012-08-12 00:00:00', '2012-08-14 18:30:00', 'imagens/jogos/vitoriaxguaratingueta.png'),
(87, 2, 17, '2012-08-14 19:30:00', 48, 39, 4, 3, '2012-08-12 00:00:00', '2012-08-14 18:30:00', 'imagens/jogos/criciumaxamerica-rn.png'),
(88, 2, 17, '2012-08-14 19:30:00', 52, 54, 2, 0, '2012-08-12 00:00:00', '2012-08-14 18:30:00', 'imagens/jogos/ipatingaxparana.png'),
(89, 2, 17, '2012-08-14 19:30:00', 47, 46, 0, 2, '2012-08-12 00:00:00', '2012-08-14 18:30:00', 'imagens/jogos/crbxceara.png'),
(90, 2, 17, '2012-08-14 21:50:00', 44, 55, 1, 3, '2012-08-12 00:00:00', '2012-08-14 20:50:00', 'imagens/jogos/boa-esportexsao-caetano.png'),
(91, 2, 17, '2012-08-14 21:50:00', 50, 42, 0, 2, '2012-08-12 00:00:00', '2012-08-14 20:50:00', 'imagens/jogos/guaranixavai.png'),
(92, 2, 17, '2012-08-14 21:50:00', 37, 38, 0, 2, '2012-08-12 00:00:00', '2012-08-14 20:50:00', 'imagens/jogos/abcxamerica-mg.png'),
(93, 2, 17, '2012-08-14 21:50:00', 43, 49, 2, 0, '2012-08-12 00:00:00', '2012-08-14 20:50:00', 'imagens/jogos/baruerixgoias.png'),
(94, 2, 17, '2012-08-14 21:50:00', 41, 40, 1, 0, '2012-08-12 00:00:00', '2012-08-14 20:50:00', 'imagens/jogos/atletico-prxasa.png'),
(95, 1, 17, '2012-08-15 19:30:00', 11, 16, 1, 2, '2012-08-13 00:00:00', '2012-08-15 18:30:00', 'imagens/jogos/gremioxportuguesa-sp.png'),
(96, 1, 17, '2012-08-15 19:30:00', 7, 10, 1, 1, '2012-08-13 00:00:00', '2012-08-15 18:30:00', 'imagens/jogos/cruzeiroxfluminense.png'),
(97, 1, 17, '2012-08-15 20:30:00', 1, 2, 1, 1, '2012-08-13 00:00:00', '2012-08-15 19:30:00', 'imagens/jogos/atletico-goxatletico-mg.png'),
(98, 1, 17, '2012-08-15 20:30:00', 15, 3, 0, 2, '2012-08-13 00:00:00', '2012-08-15 19:30:00', 'imagens/jogos/ponte-pretaxbahia.png'),
(99, 1, 17, '2012-08-15 21:50:00', 4, 19, 2, 0, '2012-08-13 00:00:00', '2012-08-15 20:50:00', 'imagens/jogos/botafogoxsport.png'),
(100, 1, 17, '2012-08-15 21:50:00', 14, 9, 1, 0, '2012-08-13 00:00:00', '2012-08-15 20:50:00', 'imagens/jogos/palmeirasxflamengo.png'),
(101, 1, 17, '2012-08-15 21:50:00', 13, 18, 3, 0, '2012-08-13 00:00:00', '2012-08-15 20:50:00', 'imagens/jogos/nauticoxsao-paulo.png'),
(102, 1, 17, '2012-08-16 21:00:00', 20, 6, 2, 2, '2012-08-14 00:00:00', '2012-08-16 20:00:00', 'imagens/jogos/vascoxcoritiba.png'),
(103, 1, 17, '2012-08-16 21:00:00', 5, 12, 1, 0, '2012-08-14 00:00:00', '2012-08-16 20:00:00', 'imagens/jogos/corinthiansxinternacional.png'),
(104, 1, 17, '2012-08-16 21:00:00', 8, 17, 1, 3, '2012-08-14 00:00:00', '2012-08-16 20:00:00', 'imagens/jogos/figueirensexsantos.png'),
(105, 2, 18, '2012-08-17 19:30:00', 56, 53, 2, 1, '2012-08-15 00:00:00', '2012-08-17 18:30:00', 'imagens/jogos/vitoriaxjoinville.png'),
(106, 2, 18, '2012-08-17 21:00:00', 51, 52, 3, 1, '2012-08-15 00:00:00', '2012-08-17 20:00:00', 'imagens/jogos/guaratinguetaxipatinga.png'),
(107, 2, 18, '2012-08-17 21:00:00', 50, 47, 4, 0, '2012-08-15 00:00:00', '2012-08-17 20:00:00', 'imagens/jogos/guaranixcrb.png'),
(108, 2, 18, '2012-08-17 21:00:00', 42, 43, 2, 1, '2012-08-15 00:00:00', '2012-08-17 20:00:00', 'imagens/jogos/avaixbarueri.png'),
(109, 2, 18, '2012-08-17 21:50:00', 38, 39, 1, 1, '2012-08-15 00:00:00', '2012-08-17 20:50:00', 'imagens/jogos/america-mgxamerica-rn.png'),
(110, 2, 18, '2012-08-18 16:20:00', 41, 48, 1, 0, '2012-08-16 00:00:00', '2012-08-18 15:20:00', 'imagens/jogos/atletico-prxcriciuma.png'),
(111, 2, 18, '2012-08-18 16:20:00', 49, 55, 0, 0, '2012-08-16 00:00:00', '2012-08-18 15:20:00', 'imagens/jogos/goiasxsao-caetano.png'),
(112, 2, 18, '2012-08-18 16:20:00', 37, 44, 1, 2, '2012-08-16 00:00:00', '2012-08-18 15:20:00', 'imagens/jogos/abcxboa-esporte.png'),
(113, 2, 18, '2012-08-18 16:20:00', 45, 46, 1, 3, '2012-08-16 00:00:00', '2012-08-18 15:20:00', 'imagens/jogos/bragantinoxceara.png'),
(114, 2, 18, '2012-08-18 21:00:00', 40, 54, 1, 1, '2012-08-16 00:00:00', '2012-08-18 20:00:00', 'imagens/jogos/asaxparana.png'),
(115, 1, 18, '2012-08-18 18:30:00', 13, 3, 1, 0, '2012-08-16 00:00:00', '2012-08-18 17:30:00', 'imagens/jogos/nauticoxbahia.png'),
(116, 1, 18, '2012-08-18 18:30:00', 10, 19, 1, 0, '2012-08-16 00:00:00', '2012-08-18 17:30:00', 'imagens/jogos/fluminensexsport.png'),
(117, 1, 18, '2012-08-18 21:00:00', 18, 15, 3, 0, '2012-08-16 00:00:00', '2012-08-18 20:00:00', 'imagens/jogos/sao-pauloxponte-preta.png'),
(118, 1, 18, '2012-08-19 16:00:00', 17, 5, 3, 2, '2012-08-17 00:00:00', '2012-08-19 15:00:00', 'imagens/jogos/santosxcorinthians.png'),
(119, 1, 18, '2012-08-19 16:00:00', 2, 4, 3, 2, '2012-08-17 00:00:00', '2012-08-19 15:00:00', 'imagens/jogos/atletico-mgxbotafogo.png'),
(120, 1, 18, '2012-08-19 16:00:00', 6, 7, 4, 0, '2012-08-17 00:00:00', '2012-08-19 15:00:00', 'imagens/jogos/coritibaxcruzeiro.png'),
(121, 1, 18, '2012-08-19 16:00:00', 11, 8, 4, 0, '2012-08-17 00:00:00', '2012-08-19 15:00:00', 'imagens/jogos/gremioxfigueirense.png'),
(122, 1, 18, '2012-08-19 18:30:00', 16, 12, 1, 1, '2012-08-17 00:00:00', '2012-08-19 17:30:00', 'imagens/jogos/portuguesa-spxinternacional.png'),
(123, 1, 18, '2012-08-19 18:30:00', 9, 20, 1, 0, '2012-08-17 00:00:00', '2012-08-19 17:30:00', 'imagens/jogos/flamengoxvasco.png'),
(125, 1, 18, '2012-08-19 18:30:00', 1, 14, 2, 1, '2012-08-17 00:00:00', '2012-08-19 17:30:00', 'imagens/jogos/atletico-goxpalmeiras.png'),
(136, 2, 19, '2012-08-21 21:00:00', 48, 42, NULL, NULL, '2012-08-19 00:00:00', '2012-08-21 20:00:00', 'imagens/jogos/criciumaxavai.png'),
(137, 2, 19, '2012-08-21 21:00:00', 43, 51, NULL, NULL, '2012-08-19 00:00:00', '2012-08-21 20:00:00', 'imagens/jogos/baruerixguaratingueta.png'),
(138, 2, 19, '2012-08-21 21:00:00', 52, 38, NULL, NULL, '2012-08-19 00:00:00', '2012-08-21 20:00:00', 'imagens/jogos/ipatingaxamerica-mg.png'),
(139, 2, 19, '2012-08-24 21:00:00', 46, 56, NULL, NULL, '2012-08-22 00:00:00', '2012-08-24 20:00:00', 'imagens/jogos/cearaxvitoria.png'),
(140, 2, 19, '2012-08-25 16:00:00', 54, 41, NULL, NULL, '2012-08-23 00:00:00', '2012-08-25 15:00:00', 'imagens/jogos/paranaxatletico-pr.png'),
(141, 2, 19, '2012-08-25 16:00:00', 55, 50, NULL, NULL, '2012-08-23 00:00:00', '2012-08-25 15:00:00', 'imagens/jogos/sao-caetanoxguarani.png'),
(142, 2, 19, '2012-08-25 16:00:00', 53, 49, NULL, NULL, '2012-08-23 00:00:00', '2012-08-25 15:00:00', 'imagens/jogos/joinvillexgoias.png'),
(143, 2, 19, '2012-08-25 16:20:00', 39, 37, NULL, NULL, '2012-08-23 00:00:00', '2012-08-25 15:20:00', 'imagens/jogos/america-rnxabc.png'),
(144, 2, 19, '2012-08-25 16:20:00', 47, 40, NULL, NULL, '2012-08-23 00:00:00', '2012-08-25 15:20:00', 'imagens/jogos/crbxasa.png'),
(145, 2, 19, '2012-08-25 21:00:00', 44, 45, NULL, NULL, '2012-08-23 00:00:00', '2012-08-25 20:00:00', 'imagens/jogos/boa-esportexbragantino.png'),
(146, 1, 19, '2012-08-25 18:30:00', 20, 10, NULL, NULL, '2012-08-23 00:00:00', '2012-08-25 17:30:00', 'imagens/jogos/vascoxfluminense.png'),
(147, 1, 19, '2012-08-25 18:30:00', 14, 17, NULL, NULL, '2012-08-23 00:00:00', '2012-08-25 17:30:00', 'imagens/jogos/palmeirasxsantos.png'),
(148, 1, 19, '2012-08-25 21:00:00', 15, 16, NULL, NULL, '2012-08-23 00:00:00', '2012-08-25 20:00:00', 'imagens/jogos/ponte-pretaxportuguesa-sp.png'),
(149, 1, 19, '2012-08-26 16:00:00', 12, 11, NULL, NULL, '2012-08-24 00:00:00', '2012-08-26 15:00:00', 'imagens/jogos/internacionalxgremio.png'),
(150, 1, 19, '2012-08-26 16:00:00', 4, 9, NULL, NULL, '2012-08-24 00:00:00', '2012-08-26 15:00:00', 'imagens/jogos/botafogoxflamengo.png'),
(151, 1, 19, '2012-08-26 16:00:00', 5, 18, NULL, NULL, '2012-08-24 00:00:00', '2012-08-26 15:00:00', 'imagens/jogos/corinthiansxsao-paulo.png'),
(152, 1, 19, '2012-08-26 16:00:00', 8, 6, NULL, NULL, '2012-08-24 00:00:00', '2012-08-26 15:00:00', 'imagens/jogos/figueirensexcoritiba.png'),
(153, 1, 19, '2012-08-26 18:30:00', 7, 2, NULL, NULL, '2012-08-24 00:00:00', '2012-08-26 17:30:00', 'imagens/jogos/cruzeiroxatletico-mg.png'),
(154, 1, 19, '2012-08-26 18:30:00', 19, 13, NULL, NULL, '2012-08-24 00:00:00', '2012-08-26 17:30:00', 'imagens/jogos/sportxnautico.png'),
(155, 1, 19, '2012-08-26 18:30:00', 3, 1, NULL, NULL, '2012-08-24 00:00:00', '2012-08-26 17:30:00', 'imagens/jogos/bahiaxatletico-go.png');

-- --------------------------------------------------------

--
-- Estrutura da tabela `log`
--

CREATE TABLE IF NOT EXISTS `log` (
  `id` int(11) NOT NULL auto_increment,
  `descricao` text,
  `data` datetime default NULL,
  `quantidade` int(11) default NULL,
  PRIMARY KEY  (`id`)
) ENGINE=InnoDB  DEFAULT CHARSET=latin1 AUTO_INCREMENT=2 ;

--
-- Extraindo dados da tabela `log`
--

INSERT INTO `log` (`id`, `descricao`, `data`, `quantidade`) VALUES
(1, 'The identifier idUsuario is missing for a query of Usuario - buscaObjeto(Usuario, id)', '2012-08-17 17:34:09', 1);

-- --------------------------------------------------------

--
-- Estrutura da tabela `pais`
--

CREATE TABLE IF NOT EXISTS `pais` (
  `sigla2letras` char(2) default NULL,
  `sigla3letras` char(3) default NULL,
  `id` int(11) NOT NULL auto_increment,
  `nomePais` varchar(255) default NULL,
  `bandeira` text,
  PRIMARY KEY  (`id`)
) ENGINE=InnoDB  DEFAULT CHARSET=latin1 AUTO_INCREMENT=895 ;

--
-- Extraindo dados da tabela `pais`
--

INSERT INTO `pais` (`sigla2letras`, `sigla3letras`, `id`, `nomePais`, `bandeira`) VALUES
('AF', 'AFG', 4, 'Afeganisto', 'imagens/bandeiras/bandeira-afeganistao47x47.png'),
('AL', 'ALB', 8, 'Albnia', 'imagens/bandeiras/bandeira-albania47x47.png'),
('AQ', 'ATA', 10, 'Antrctida', NULL),
('DZ', 'DZA', 12, 'Arglia', 'imagens/bandeiras/bandeira-argelia47x47.png'),
('AS', 'ASM', 16, 'Samoa Americana', 'imagens/bandeiras/bandeira-samoa-americana47x47.png'),
('AD', 'AND', 20, 'Andorra', 'imagens/bandeiras/bandeira-andorra47x47.png'),
('AO', 'AGO', 24, 'Angola', 'imagens/bandeiras/bandeira-angola47x47.png'),
('AG', 'ATG', 28, 'Antigua e Barbuda', 'imagens/bandeiras/bandeira-antigua-e-barbuda47x47.png'),
('AZ', 'AZE', 31, 'Azerbaijo', 'imagens/bandeiras/bandeira-azerbaijao47x47.png'),
('AR', 'ARG', 32, 'Argentina', 'imagens/bandeiras/bandeira-argentina47x47.png'),
('AU', 'AUS', 36, 'Austrlia', 'imagens/bandeiras/bandeira-australia47x47.png'),
('AT', 'AUT', 40, 'ustria', 'imagens/bandeiras/bandeira-austria47x47.png'),
('BS', 'BHS', 44, 'Bahamas', 'imagens/bandeiras/bandeira-bahamas47x47.png'),
('BH', 'BHR', 48, 'Bahrain', 'imagens/bandeiras/bandeira-bahrain47x47.png'),
('BD', 'BGD', 50, 'Bangladesh', 'imagens/bandeiras/bandeira-bangladesh47x47.png'),
('AM', 'ARM', 51, 'Armnia', 'imagens/bandeiras/bandeira-armenia47x47.png'),
('BB', 'BRB', 52, 'Barbados', 'imagens/bandeiras/bandeira-barbados47x47.png'),
('BE', 'BEL', 56, 'Blgica', 'imagens/bandeiras/bandeira-belgica47x47.png'),
('BM', 'BMU', 60, 'Bermuda', 'imagens/bandeiras/bandeira-bermuda47x47.png'),
('BT', 'BTN', 64, 'Buto', 'imagens/bandeiras/bandeira-butao47x47.png'),
('BO', 'BOL', 68, 'Bolvia', 'imagens/bandeiras/bandeira-bolivia47x47.png'),
('BA', 'BIH', 70, 'Bsnia-Herzegovina', 'imagens/bandeiras/bandeira-bosnia-herzegovina47x47.png'),
('BW', 'BWA', 72, 'Botswana', 'imagens/bandeiras/bandeira-botswana47x47.png'),
('BV', 'BVT', 74, 'Bouvet, Ilha', NULL),
('BR', 'BRA', 76, 'Brasil', 'imagens/bandeiras/bandeira-brasil48x48.png'),
('BZ', 'BLZ', 84, 'Belize', 'imagens/bandeiras/bandeira-belize47x47.png'),
('IO', 'IOT', 86, 'Territrio Britnico do Oceano ndico', NULL),
('SB', 'SLB', 90, 'Salomo, Ilhas', NULL),
('VG', 'VGB', 92, 'Virgens Britnicas, Ilhas', NULL),
('BN', 'BRN', 96, 'Brunei', NULL),
('BG', 'BGR', 100, 'Bulgria', NULL),
('MM', 'MMR', 104, 'Myanmar (antiga Birmnia)', NULL),
('BI', 'BDI', 108, 'Burundi', NULL),
('BY', 'BLR', 112, 'Bielo-Rssia (Belarus)', 'imagens/bandeiras/bandeira-bielo-russia48x48.png'),
('KH', 'KHM', 116, 'Cambodja', NULL),
('CM', 'CMR', 120, 'Camares', NULL),
('CA', 'CAN', 124, 'Canad', NULL),
('CV', 'CPV', 132, 'Cabo Verde', NULL),
('KY', 'CYM', 136, 'Cayman, Ilhas', NULL),
('CF', 'CAF', 140, 'Centro-africana, Repblica', NULL),
('LK', 'LKA', 144, 'Sri Lanka', NULL),
('TD', 'TCD', 148, 'Chade', NULL),
('CL', 'CHL', 152, 'Chile', NULL),
('CN', 'CHN', 156, 'China', NULL),
('TW', 'TWN', 158, 'Taiwan', NULL),
('CX', 'CXR', 162, 'Christmas, Ilha', NULL),
('CC', 'CCK', 166, 'Cocos, Ilhas', NULL),
('CO', 'COL', 170, 'Colmbia', NULL),
('KM', 'COM', 174, 'Comores', NULL),
('YT', 'MYT', 175, 'Mayotte', NULL),
('CG', 'COG', 178, 'Congo, Repblica do', NULL),
('CD', 'COD', 180, 'Congo, Repblica Democrtica do (antigo Zaire)', NULL),
('CK', 'COK', 184, 'Cook, Ilhas', NULL),
('CR', 'CRI', 188, 'Costa Rica', NULL),
('HR', 'HRV', 191, 'Crocia', NULL),
('CU', 'CUB', 192, 'Cuba', NULL),
('CY', 'CYP', 196, 'Chipre', NULL),
('CZ', 'CZE', 203, 'Checa, Repblica', NULL),
('BJ', 'BEN', 204, 'Benin', 'imagens/bandeiras/bandeira-benin47x47.png'),
('DK', 'DNK', 208, 'Dinamarca', NULL),
('DM', 'DMA', 212, 'Dominica', NULL),
('DO', 'DOM', 214, 'Dominicana, Repblica', NULL),
('EC', 'ECU', 218, 'Equador', NULL),
('SV', 'SLV', 222, 'El Salvador', NULL),
('GQ', 'GNQ', 226, 'Guin Equatorial', NULL),
('ET', 'ETH', 231, 'Etipia', NULL),
('ER', 'ERI', 232, 'Eritreia', NULL),
('EE', 'EST', 233, 'Estnia', NULL),
('FO', 'FRO', 234, 'Faroe, Ilhas', NULL),
('FK', 'FLK', 238, 'Malvinas, Ilhas (Falkland)', NULL),
('GS', 'SGS', 239, 'Gergia do Sul e Sandwich do Sul, Ilhas', NULL),
('FJ', 'FJI', 242, 'Fiji', NULL),
('FI', 'FIN', 246, 'Finlndia', NULL),
('AX', 'ALA', 248, 'land, Ilhas', NULL),
('FR', 'FRA', 250, 'Frana', NULL),
('GF', 'GUF', 254, 'Guiana Francesa', NULL),
('PF', 'PYF', 258, 'Polinsia Francesa', NULL),
('TF', 'ATF', 260, 'Terras Austrais e Antrticas Francesas (TAAF)', NULL),
('DJ', 'DJI', 262, 'Djibouti', NULL),
('GA', 'GAB', 266, 'Gabo', 'imagens/bandeiras/bandeira-gabao48x48.png'),
('GE', 'GEO', 268, 'Gergia', NULL),
('GM', 'GMB', 270, 'Gmbia', NULL),
('PS', 'PSE', 275, 'Palestina', NULL),
('DE', 'DEU', 276, 'Alemanha', NULL),
('GH', 'GHA', 288, 'Gana', NULL),
('GI', 'GIB', 292, 'Gibraltar', NULL),
('KI', 'KIR', 296, 'Kiribati', NULL),
('GR', 'GRC', 300, 'Grcia', NULL),
('GL', 'GRL', 304, 'Gronelndia', NULL),
('GD', 'GRD', 308, 'Grenada', NULL),
('GP', 'GLP', 312, 'Guadeloupe', NULL),
('GU', 'GUM', 316, 'Guam', NULL),
('GT', 'GTM', 320, 'Guatemala', NULL),
('GN', 'GIN', 324, 'Guin-Conacri', NULL),
('GY', 'GUY', 328, 'Guiana', NULL),
('HT', 'HTI', 332, 'Haiti', NULL),
('HM', 'HMD', 334, 'Heard e Ilhas McDonald, Ilha', NULL),
('VA', 'VAT', 336, 'Vaticano', NULL),
('HN', 'HND', 340, 'Honduras', 'imagens/bandeiras/bandeira-honduras48x48.png'),
('HK', 'HKG', 344, 'Hong Kong', NULL),
('HU', 'HUN', 348, 'Hungria', NULL),
('IS', 'ISL', 352, 'Islndia', NULL),
('IN', 'IND', 356, 'ndia', NULL),
('ID', 'IDN', 360, 'Indonsia', NULL),
('IR', 'IRN', 364, 'Iro', NULL),
('IQ', 'IRQ', 368, 'Iraque', NULL),
('IE', 'IRL', 372, 'Irlanda', NULL),
('IL', 'ISR', 376, 'Israel', NULL),
('IT', 'ITA', 380, 'Itlia', NULL),
('CI', 'CIV', 384, 'Costa do Marfim', NULL),
('JM', 'JAM', 388, 'Jamaica', NULL),
('JP', 'JPN', 392, 'Japo', 'imagens/bandeiras/bandeira-japao48x48.png'),
('KZ', 'KAZ', 398, 'Cazaquisto', NULL),
('JO', 'JOR', 400, 'Jordnia', NULL),
('KE', 'KEN', 404, 'Qunia', NULL),
('KP', 'PRK', 408, 'Coreia, Repblica Democrtica da (Coreia do Norte)', NULL),
('KR', 'KOR', 410, 'Coreia do Sul', 'imagens/bandeiras/bandeira-coreia-do-sul48x48.png'),
('KW', 'KWT', 414, 'Kuwait', NULL),
('KG', 'KGZ', 417, 'Quirguisto', NULL),
('LA', 'LAO', 418, 'Laos', NULL),
('LB', 'LBN', 422, 'Lbano', NULL),
('LS', 'LSO', 426, 'Lesoto', NULL),
('LV', 'LVA', 428, 'Letnia', NULL),
('LR', 'LBR', 430, 'Libria', NULL),
('LY', 'LBY', 434, 'Lbia', NULL),
('LI', 'LIE', 438, 'Liechtenstein', NULL),
('LT', 'LTU', 440, 'Litunia', NULL),
('LU', 'LUX', 442, 'Luxemburgo', NULL),
('MO', 'MAC', 446, 'Macau', NULL),
('MG', 'MDG', 450, 'Madagscar', NULL),
('MW', 'MWI', 454, 'Malawi', NULL),
('MY', 'MYS', 458, 'Malsia', NULL),
('MV', 'MDV', 462, 'Maldivas', NULL),
('ML', 'MLI', 466, 'Mali', NULL),
('MT', 'MLT', 470, 'Malta', NULL),
('MQ', 'MTQ', 474, 'Martinica', NULL),
('MR', 'MRT', 478, 'Mauritnia', NULL),
('MU', 'MUS', 480, 'Maurcia', NULL),
('MX', 'MEX', 484, 'Mxico', 'imagens/bandeiras/bandeira-mexico48x48.png'),
('MC', 'MCO', 492, 'Mnaco', NULL),
('MN', 'MNG', 496, 'Monglia', NULL),
('MD', 'MDA', 498, 'Moldvia', NULL),
('ME', 'MNE', 499, 'Montenegro', NULL),
('MS', 'MSR', 500, 'Montserrat', NULL),
('MA', 'MAR', 504, 'Marrocos', 'imagens/bandeiras/bandeira-marrocos48x48.png'),
('MZ', 'MOZ', 508, 'Moambique', NULL),
('OM', 'OMN', 512, 'Oman', NULL),
('NA', 'NAM', 516, 'Nambia', NULL),
('NR', 'NRU', 520, 'Nauru', NULL),
('NP', 'NPL', 524, 'Nepal', NULL),
('NL', 'NLD', 528, 'Pases Baixos (Holanda)', NULL),
('AN', 'ANT', 530, 'Antilhas Holandesas', NULL),
('AW', 'ABW', 533, 'Aruba', 'imagens/bandeiras/bandeira-aruba47x47.png'),
('NC', 'NCL', 540, 'Nova Calednia', NULL),
('VU', 'VUT', 548, 'Vanuatu', NULL),
('NZ', 'NZL', 554, 'Nova Zelndia', 'imagens/bandeiras/bandeira-nova-zelandia48x48.png'),
('NI', 'NIC', 558, 'Nicargua', NULL),
('NE', 'NER', 562, 'Nger', NULL),
('NG', 'NGA', 566, 'Nigria', NULL),
('NU', 'NIU', 570, 'Niue', NULL),
('NF', 'NFK', 574, 'Norfolk, Ilha', NULL),
('NO', 'NOR', 578, 'Noruega', NULL),
('MP', 'MNP', 580, 'Marianas Setentrionais', NULL),
('UM', 'UMI', 581, 'Menores Distantes dos Estados Unidos, Ilhas', NULL),
('FM', 'FSM', 583, 'Micronsia, Estados Federados da', NULL),
('MH', 'MHL', 584, 'Marshall, Ilhas', NULL),
('PW', 'PLW', 585, 'Palau', NULL),
('PK', 'PAK', 586, 'Paquisto', NULL),
('PA', 'PAN', 591, 'Panam', NULL),
('PG', 'PNG', 598, 'Papua-Nova Guin', NULL),
('PY', 'PRY', 600, 'Paraguai', NULL),
('PE', 'PER', 604, 'Peru', NULL),
('PH', 'PHL', 608, 'Filipinas', NULL),
('PN', 'PCN', 612, 'Pitcairn', NULL),
('PL', 'POL', 616, 'Polnia', NULL),
('PT', 'PRT', 620, 'Portugal', NULL),
('GW', 'GNB', 624, 'Guin-Bissau', NULL),
('TL', 'TLS', 626, 'Timor-Leste', NULL),
('PR', 'PRI', 630, 'Porto Rico', NULL),
('QA', 'QAT', 634, 'Qatar', NULL),
('RE', 'REU', 638, 'Reunio', NULL),
('RO', 'ROU', 642, 'Romnia', NULL),
('RU', 'RUS', 643, 'Rssia', NULL),
('RW', 'RWA', 646, 'Ruanda', NULL),
('SH', 'SHN', 654, 'Santa Helena', NULL),
('KN', 'KNA', 659, 'So Cristvo e Nvis (Saint Kitts e Nevis)', NULL),
('AI', 'AIA', 660, 'Anguilla', 'imagens/bandeiras/bandeira-anguilla47x47.png'),
('LC', 'LCA', 662, 'Santa Lcia', NULL),
('PM', 'SPM', 666, 'Saint Pierre et Miquelon', NULL),
('VC', 'VCT', 670, 'So Vicente e Granadinas', NULL),
('SM', 'SMR', 674, 'San Marino', NULL),
('ST', 'STP', 678, 'So Tom e Prncipe', NULL),
('SA', 'SAU', 682, 'Arbia Saudita', NULL),
('SN', 'SEN', 686, 'Senegal', 'imagens/bandeiras/bandeira-senegal48x48.png'),
('RS', 'SRB', 688, 'Srvia', NULL),
('SC', 'SYC', 690, 'Seychelles', NULL),
('SL', 'SLE', 694, 'Serra Leoa', NULL),
('SG', 'SGP', 702, 'Singapura', NULL),
('SK', 'SVK', 703, 'Eslovquia', NULL),
('VN', 'VNM', 704, 'Vietname', NULL),
('SI', 'SVN', 705, 'Eslovnia', NULL),
('SO', 'SOM', 706, 'Somlia', NULL),
('ZA', 'ZAF', 710, 'frica do Sul', NULL),
('ZW', 'ZWE', 716, 'Zimbabwe', NULL),
('ES', 'ESP', 724, 'Espanha', 'imagens/bandeiras/bandeira-espanha48x48.png'),
('EH', 'ESH', 732, 'Saara Ocidental', NULL),
('SD', 'SDN', 736, 'Sudo', NULL),
('SR', 'SUR', 740, 'Suriname', NULL),
('SJ', 'SJM', 744, 'Svalbard e Jan Mayen', NULL),
('SZ', 'SWZ', 748, 'Suazilndia', NULL),
('SE', 'SWE', 752, 'Sucia', NULL),
('CH', 'CHE', 756, 'Sua', 'imagens/bandeiras/bandeira-suica48x48.png'),
('SY', 'SYR', 760, 'Sria', NULL),
('TJ', 'TJK', 762, 'Tajiquisto', NULL),
('TH', 'THA', 764, 'Tailndia', NULL),
('TG', 'TGO', 768, 'Togo', NULL),
('TK', 'TKL', 772, 'Toquelau', NULL),
('TO', 'TON', 776, 'Tonga', NULL),
('TT', 'TTO', 780, 'Trindade e Tobago', NULL),
('AE', 'ARE', 784, 'Emiratos rabes Unidos', 'imagens/bandeiras/bandeira-emiratos-arabes-unidos48x48.png'),
('TN', 'TUN', 788, 'Tunsia', NULL),
('TR', 'TUR', 792, 'Turquia', NULL),
('TM', 'TKM', 795, 'Turquemenisto', NULL),
('TC', 'TCA', 796, 'Turks e Caicos', NULL),
('TV', 'TUV', 798, 'Tuvalu', NULL),
('UG', 'UGA', 800, 'Uganda', NULL),
('UA', 'UKR', 804, 'Ucrnia', NULL),
('MK', 'MKD', 807, 'Macednia, Repblica da', NULL),
('EG', 'EGY', 818, 'Egito', 'imagens/bandeiras/bandeira-egito48x48.png'),
('GB', 'GBR', 826, 'Reino Unido', 'imagens/bandeiras/bandeira-reino-unido48x48.png'),
('GG', 'GGY', 831, 'Guernsey', NULL),
('JE', 'JEY', 832, 'Jersey', NULL),
('IM', 'IMN', 833, 'Man, Ilha de', NULL),
('TZ', 'TZA', 834, 'Tanznia', NULL),
('US', 'USA', 840, 'Estados Unidos da Amrica', NULL),
('VI', 'VIR', 850, 'Virgens Americanas, Ilhas', NULL),
('BF', 'BFA', 854, 'Burkina Faso', NULL),
('UY', 'URY', 858, 'Uruguai', 'imagens/bandeiras/bandeira-uruguai48x48.png'),
('UZ', 'UZB', 860, 'Usbequisto', NULL),
('VE', 'VEN', 862, 'Venezuela', NULL),
('WF', 'WLF', 876, 'Wallis e Futuna', NULL),
('WS', 'WSM', 882, 'Samoa (Samoa Ocidental)', NULL),
('YE', 'YEM', 887, 'Imen', NULL),
('ZM', 'ZMB', 894, 'Zmbia', NULL);

-- --------------------------------------------------------

--
-- Estrutura da tabela `pontuacaogeral`
--

CREATE TABLE IF NOT EXISTS `pontuacaogeral` (
  `usuario_id` bigint(20) NOT NULL default '0',
  `acertosPlacarGeral` int(11) default NULL,
  `acertosTimeGanhadorGeral` int(11) default NULL,
  `acertosPlacarInvertidoGeral` int(11) default NULL,
  `errosPlacarGeral` int(11) default NULL,
  `pontosGeral` int(11) default NULL,
  `classificacaoGeral` int(11) default NULL,
  `pontosMedalhasGeral` int(11) default NULL,
  `classificacaoMedalhasGeral` int(11) default NULL,
  `medalhasOuroGeral` int(11) default NULL,
  `medalhasPrataGeral` int(11) default NULL,
  `medalhasBronzeGeral` int(11) default NULL,
  `trofeus` int(11) default NULL,
  PRIMARY KEY  (`usuario_id`),
  KEY `usuario_id` (`usuario_id`)
) ENGINE=InnoDB DEFAULT CHARSET=latin1;

--
-- Extraindo dados da tabela `pontuacaogeral`
--

INSERT INTO `pontuacaogeral` (`usuario_id`, `acertosPlacarGeral`, `acertosTimeGanhadorGeral`, `acertosPlacarInvertidoGeral`, `errosPlacarGeral`, `pontosGeral`, `classificacaoGeral`, `pontosMedalhasGeral`, `classificacaoMedalhasGeral`, `medalhasOuroGeral`, `medalhasPrataGeral`, `medalhasBronzeGeral`, `trofeus`) VALUES
(533424116, 0, 0, 0, 0, 0, 40, 0, 9, 0, 0, 0, 0),
(836971939, 2, 4, 0, 8, 40, 23, 0, 9, 0, 0, 0, 0),
(1058463556, 0, 0, 0, 0, 0, 40, 0, 9, 0, 0, 0, 0),
(1061637097, 0, 4, 1, 5, 22, 31, 0, 9, 0, 0, 0, 0),
(1130122019, 9, 51, 5, 58, 355, 0, 25092, 0, 3, 4, 2, 0),
(1145531078, 1, 2, 0, 10, 20, 32, 0, 9, 0, 0, 0, 0),
(1274882878, 0, 0, 0, 0, 0, 40, 0, 9, 0, 0, 0, 0),
(1374603026, 0, 0, 0, 1, 0, 40, 0, 9, 0, 0, 0, 0),
(1391412645, 0, 0, 0, 0, 0, 40, 0, 9, 0, 0, 0, 0),
(1471646998, 0, 0, 0, 0, 0, 40, 0, 9, 0, 0, 0, 0),
(1512773485, 0, 0, 1, 1, 2, 39, 0, 9, 0, 0, 0, 0),
(1614334792, 0, 0, 0, 1, 0, 40, 0, 9, 0, 0, 0, 0),
(1686162406, 1, 6, 1, 9, 42, 22, 0, 9, 0, 0, 0, 0),
(1706695824, 0, 0, 0, 0, 0, 40, 0, 9, 0, 0, 0, 0),
(1757276749, 0, 0, 0, 0, 0, 40, 0, 9, 0, 0, 0, 0),
(1775683722, 0, 0, 0, 0, 0, 40, 0, 9, 0, 0, 0, 0),
(1816162455, 0, 0, 0, 0, 0, 40, 0, 9, 0, 0, 0, 0),
(1824737972, 2, 2, 1, 5, 32, 26, 8192, 5, 1, 0, 0, 0),
(89015000002679, 0, 0, 0, 0, 0, 40, 0, 9, 0, 0, 0, 0),
(100000037362683, 5, 11, 0, 10, 105, 6, 8194, 4, 1, 0, 1, 0),
(100000039271259, 1, 3, 1, 5, 27, 28, 2, 8, 0, 0, 1, 0),
(100000050242782, 0, 4, 2, 5, 24, 30, 0, 9, 0, 0, 0, 0),
(100000093729132, 0, 0, 0, 1, 0, 40, 0, 9, 0, 0, 0, 0),
(100000109865337, 0, 0, 0, 0, 0, 40, 0, 9, 0, 0, 0, 0),
(100000122625619, 0, 2, 1, 5, 12, 35, 0, 9, 0, 0, 0, 0),
(100000122921991, 0, 0, 0, 0, 0, 40, 0, 9, 0, 0, 0, 0),
(100000156321743, 0, 0, 0, 0, 0, 40, 0, 9, 0, 0, 0, 0),
(100000203239974, 0, 0, 0, 0, 0, 40, 0, 9, 0, 0, 0, 0),
(100000311206037, 0, 0, 0, 0, 0, 40, 0, 9, 0, 0, 0, 0),
(100000321727785, 0, 0, 0, 0, 0, 40, 0, 9, 0, 0, 0, 0),
(100000400064551, 0, 7, 0, 8, 35, 25, 2, 8, 0, 0, 1, 0),
(100000448355914, 0, 0, 0, 0, 0, 40, 0, 9, 0, 0, 0, 0),
(100000631447400, 0, 0, 0, 0, 0, 40, 0, 9, 0, 0, 0, 0),
(100000665046502, 2, 6, 5, 14, 60, 14, 2, 8, 0, 0, 1, 0),
(100000695999057, 0, 0, 0, 0, 0, 40, 0, 9, 0, 0, 0, 0),
(100000698131637, 0, 1, 0, 1, 5, 38, 0, 9, 0, 0, 0, 0),
(100000765192683, 0, 0, 0, 1, 0, 40, 0, 9, 0, 0, 0, 0),
(100000851489041, 0, 2, 1, 6, 12, 35, 0, 9, 0, 0, 0, 0),
(100000877692701, 8, 38, 10, 46, 290, 1, 16520, 2, 2, 1, 4, 1),
(100000885523518, 7, 31, 5, 29, 235, 0, 262, 0, 0, 2, 3, 0),
(100000893179119, 1, 1, 0, 1, 15, 34, 0, 9, 0, 0, 0, 0),
(100000963789848, 2, 7, 0, 8, 55, 17, 0, 9, 0, 0, 0, 0),
(100000967155326, 0, 0, 0, 0, 0, 40, 0, 9, 0, 0, 0, 0),
(100000973543518, 4, 11, 0, 14, 95, 8, 8192, 5, 1, 0, 0, 0),
(100000989429009, 0, 2, 1, 4, 12, 35, 0, 9, 0, 0, 0, 0),
(100001000359183, 0, 0, 0, 0, 0, 40, 0, 9, 0, 0, 0, 0),
(100001134523722, 0, 3, 0, 5, 15, 34, 0, 9, 0, 0, 0, 0),
(100001204752179, 0, 5, 0, 6, 25, 29, 0, 9, 0, 0, 0, 0),
(100001221347835, 0, 0, 0, 0, 0, 40, 0, 9, 0, 0, 0, 0),
(100001241134861, 2, 3, 0, 5, 35, 25, 128, 7, 0, 1, 0, 0),
(100001248078738, 0, 3, 2, 9, 19, 33, 0, 9, 0, 0, 0, 0),
(100001280191253, 1, 4, 0, 4, 30, 27, 0, 9, 0, 0, 0, 0),
(100001296264371, 0, 0, 0, 0, 0, 40, 0, 9, 0, 0, 0, 0),
(100001458131223, 0, 0, 0, 0, 0, 40, 0, 9, 0, 0, 0, 0),
(100001543841823, 0, 0, 1, 0, 2, 39, 0, 9, 0, 0, 0, 0),
(100001567431083, 0, 0, 0, 0, 0, 40, 0, 9, 0, 0, 0, 0),
(100001599862159, 0, 3, 0, 7, 15, 34, 0, 9, 0, 0, 0, 0),
(100001602968614, 0, 0, 0, 3, 0, 40, 0, 9, 0, 0, 0, 0),
(100001635562343, 0, 0, 0, 0, 0, 40, 0, 9, 0, 0, 0, 0),
(100001644476049, 4, 14, 5, 17, 120, 5, 0, 9, 0, 0, 0, 0),
(100001754446505, 0, 0, 0, 0, 0, 40, 0, 9, 0, 0, 0, 0),
(100001768068026, 0, 0, 0, 0, 0, 40, 0, 9, 0, 0, 0, 0),
(100001822348142, 5, 24, 4, 44, 178, 2, 16640, 1, 2, 2, 0, 0),
(100001946749940, 0, 2, 0, 8, 10, 36, 0, 9, 0, 0, 0, 0),
(100001966645651, 1, 3, 1, 6, 27, 28, 0, 9, 0, 0, 0, 0),
(100001975337999, 1, 6, 0, 3, 40, 23, 8192, 5, 1, 0, 0, 0),
(100001984735537, 4, 28, 7, 32, 194, 0, 16512, 0, 2, 1, 0, 0),
(100002018572350, 1, 5, 0, 7, 35, 25, 0, 9, 0, 0, 0, 0),
(100002046119323, 0, 0, 0, 0, 0, 40, 0, 9, 0, 0, 0, 0),
(100002086177468, 0, 0, 0, 0, 0, 40, 0, 9, 0, 0, 0, 0),
(100002139642382, 0, 0, 0, 0, 0, 40, 0, 9, 0, 0, 0, 0),
(100002166343141, 0, 0, 0, 0, 0, 40, 0, 9, 0, 0, 0, 0),
(100002174001777, 0, 0, 0, 0, 0, 40, 0, 9, 0, 0, 0, 0),
(100002230741006, 0, 0, 0, 0, 0, 40, 0, 9, 0, 0, 0, 0),
(100002241529666, 0, 0, 0, 0, 0, 40, 0, 9, 0, 0, 0, 0),
(100002296771053, 0, 3, 0, 2, 15, 34, 0, 9, 0, 0, 0, 0),
(100002303047228, 0, 5, 0, 6, 25, 29, 0, 9, 0, 0, 0, 0),
(100002305103714, 0, 0, 0, 0, 0, 40, 0, 9, 0, 0, 0, 0),
(100002322151330, 1, 4, 1, 18, 32, 26, 0, 9, 0, 0, 0, 0),
(100002402880745, 2, 4, 2, 3, 44, 21, 8192, 5, 1, 0, 0, 0),
(100002427769999, 0, 0, 0, 0, 0, 40, 0, 9, 0, 0, 0, 0),
(100002428967554, 0, 0, 0, 0, 0, 40, 0, 9, 0, 0, 0, 0),
(100002450230439, 3, 4, 0, 4, 50, 19, 8192, 5, 1, 0, 0, 0),
(100002526182567, 0, 0, 0, 0, 0, 40, 0, 9, 0, 0, 0, 0),
(100002531003680, 0, 0, 0, 0, 0, 40, 0, 9, 0, 0, 0, 0),
(100002540438249, 0, 2, 0, 0, 10, 36, 8320, 3, 1, 1, 0, 0),
(100002561910346, 1, 9, 1, 8, 57, 16, 2, 8, 0, 0, 1, 0),
(100002565012482, 0, 0, 0, 0, 0, 0, 0, 0, 0, 0, 0, 0),
(100002575172443, 1, 5, 0, 6, 35, 25, 0, 9, 0, 0, 0, 0),
(100002645401521, 0, 0, 0, 0, 0, 40, 0, 9, 0, 0, 0, 0),
(100002647094215, 0, 0, 0, 2, 0, 40, 0, 9, 0, 0, 0, 0),
(100002667370452, 0, 8, 2, 16, 44, 21, 0, 9, 0, 0, 0, 0),
(100002718645272, 0, 8, 1, 11, 42, 22, 0, 9, 0, 0, 0, 0),
(100002739440357, 2, 2, 0, 6, 30, 27, 0, 9, 0, 0, 0, 0),
(100002755402115, 0, 0, 0, 0, 0, 40, 0, 9, 0, 0, 0, 0),
(100002821308942, 1, 8, 1, 1, 52, 18, 8192, 5, 1, 0, 0, 0),
(100002859559876, 0, 0, 0, 0, 0, 40, 0, 9, 0, 0, 0, 0),
(100002911831338, 4, 9, 0, 20, 85, 9, 8192, 5, 1, 0, 0, 0),
(100002950669625, 0, 1, 0, 5, 5, 38, 0, 9, 0, 0, 0, 0),
(100003026521581, 0, 2, 0, 3, 10, 36, 0, 9, 0, 0, 0, 0),
(100003039426484, 2, 6, 1, 4, 52, 18, 0, 9, 0, 0, 0, 0),
(100003059446890, 0, 1, 0, 6, 5, 38, 0, 9, 0, 0, 0, 0),
(100003076970343, 0, 0, 0, 0, 0, 40, 0, 9, 0, 0, 0, 0),
(100003137584745, 0, 7, 1, 13, 37, 24, 0, 9, 0, 0, 0, 0),
(100003200405633, 1, 5, 0, 5, 35, 25, 0, 9, 0, 0, 0, 0),
(100003221698105, 0, 0, 0, 0, 0, 40, 0, 9, 0, 0, 0, 0),
(100003243261927, 2, 12, 2, 7, 84, 10, 8192, 5, 1, 0, 0, 0),
(100003298062636, 1, 8, 1, 5, 52, 18, 2, 8, 0, 0, 1, 0),
(100003309231411, 1, 2, 1, 3, 22, 31, 0, 9, 0, 0, 0, 0),
(100003339146992, 0, 0, 0, 0, 0, 40, 0, 9, 0, 0, 0, 0),
(100003353842472, 0, 2, 0, 5, 10, 36, 0, 9, 0, 0, 0, 0),
(100003377283426, 3, 19, 4, 30, 133, 4, 0, 9, 0, 0, 0, 0),
(100003450831660, 0, 0, 0, 1, 0, 40, 0, 9, 0, 0, 0, 0),
(100003467166654, 2, 16, 2, 29, 104, 7, 2, 8, 0, 0, 1, 0),
(100003476093190, 0, 1, 0, 4, 5, 38, 0, 9, 0, 0, 0, 0),
(100003489131091, 9, 23, 8, 35, 221, 0, 8454, 0, 1, 2, 3, 0),
(100003493015109, 0, 0, 1, 0, 2, 39, 0, 9, 0, 0, 0, 0),
(100003527600324, 1, 7, 0, 2, 45, 20, 8192, 5, 1, 0, 0, 0),
(100003537970612, 0, 4, 0, 7, 20, 32, 0, 9, 0, 0, 0, 0),
(100003554173171, 0, 0, 0, 0, 0, 40, 0, 9, 0, 0, 0, 0),
(100003558519211, 0, 5, 1, 4, 27, 28, 2, 8, 0, 0, 1, 0),
(100003560743021, 0, 0, 0, 0, 0, 40, 0, 9, 0, 0, 0, 0),
(100003563078838, 0, 6, 0, 2, 30, 27, 0, 9, 0, 0, 0, 0),
(100003616428848, 0, 0, 0, 0, 0, 40, 0, 9, 0, 0, 0, 0),
(100003626711219, 1, 13, 1, 5, 77, 11, 256, 6, 0, 2, 0, 0),
(100003644218362, 0, 0, 0, 0, 0, 40, 0, 9, 0, 0, 0, 0),
(100003654227143, 1, 1, 2, 9, 19, 33, 0, 9, 0, 0, 0, 0),
(100003660012064, 0, 0, 0, 0, 0, 40, 0, 9, 0, 0, 0, 0),
(100003700180063, 1, 10, 5, 12, 70, 12, 0, 9, 0, 0, 0, 0),
(100003715017558, 1, 11, 1, 25, 67, 13, 2, 8, 0, 0, 1, 0),
(100003722117751, 0, 1, 1, 0, 7, 37, 0, 9, 0, 0, 0, 0),
(100003733881875, 0, 2, 0, 9, 10, 36, 0, 9, 0, 0, 0, 0),
(100003738584069, 0, 1, 0, 0, 5, 38, 0, 9, 0, 0, 0, 0),
(100003751732581, 0, 5, 0, 5, 25, 29, 0, 9, 0, 0, 0, 0),
(100003765722157, 0, 1, 0, 2, 5, 38, 0, 9, 0, 0, 0, 0),
(100003766503459, 1, 9, 1, 9, 57, 16, 0, 9, 0, 0, 0, 0),
(100003771295205, 0, 0, 0, 0, 0, 40, 0, 9, 0, 0, 0, 0),
(100003779970287, 0, 3, 0, 1, 15, 34, 0, 9, 0, 0, 0, 0),
(100003808389507, 3, 2, 1, 3, 42, 22, 256, 6, 0, 2, 0, 0),
(100003813769940, 0, 1, 0, 5, 5, 38, 0, 9, 0, 0, 0, 0),
(100003844397409, 0, 0, 0, 1, 0, 40, 0, 9, 0, 0, 0, 0),
(100003885405841, 0, 0, 0, 0, 0, 40, 0, 9, 0, 0, 0, 0),
(100003896785794, 1, 4, 0, 5, 30, 27, 128, 7, 0, 1, 0, 0),
(100003923322140, 0, 4, 0, 11, 20, 32, 0, 9, 0, 0, 0, 0),
(100003926816453, 0, 0, 0, 0, 0, 40, 0, 9, 0, 0, 0, 0),
(100003946673571, 0, 0, 0, 0, 0, 40, 0, 9, 0, 0, 0, 0),
(100004000247225, 0, 0, 0, 0, 0, 40, 0, 9, 0, 0, 0, 0),
(100004005918354, 1, 9, 2, 11, 59, 15, 2, 8, 0, 0, 1, 0),
(100004013875958, 0, 0, 0, 0, 0, 40, 0, 9, 0, 0, 0, 0),
(100004020859628, 0, 0, 0, 0, 0, 40, 0, 9, 0, 0, 0, 0),
(100004046302666, 0, 8, 0, 5, 40, 23, 128, 7, 0, 1, 0, 0),
(100004048765780, 0, 3, 0, 2, 15, 34, 0, 9, 0, 0, 0, 0),
(100004069275214, 0, 1, 0, 3, 5, 38, 0, 9, 0, 0, 0, 0),
(100004078609786, 0, 0, 0, 0, 0, 40, 0, 9, 0, 0, 0, 0),
(100004099369679, 0, 0, 0, 0, 0, 40, 0, 9, 0, 0, 0, 0),
(100004101589014, 0, 0, 0, 0, 0, 40, 0, 9, 0, 0, 0, 0),
(100004132051229, 0, 2, 0, 2, 10, 36, 2, 8, 0, 0, 1, 0),
(100004162299409, 6, 18, 5, 15, 160, 3, 128, 7, 0, 1, 0, 0),
(100004166701503, 0, 0, 0, 0, 0, 40, 0, 9, 0, 0, 0, 0);

-- --------------------------------------------------------

--
-- Estrutura da tabela `pontuacaorodada`
--

CREATE TABLE IF NOT EXISTS `pontuacaorodada` (
  `usuario_id` bigint(20) NOT NULL default '0',
  `campeonato_id` int(11) NOT NULL default '0',
  `rodada_id` int(11) NOT NULL default '0',
  `pontosRodada` int(11) default NULL,
  `classificacaoRodada` int(11) default NULL,
  PRIMARY KEY  (`usuario_id`,`campeonato_id`,`rodada_id`),
  KEY `usuario_id` (`usuario_id`),
  KEY `campeonato_id` (`campeonato_id`),
  KEY `rodada_id` (`rodada_id`),
  KEY `FK_pontuacaoRodada_rodada` (`rodada_id`,`campeonato_id`)
) ENGINE=InnoDB DEFAULT CHARSET=latin1;

--
-- Extraindo dados da tabela `pontuacaorodada`
--

INSERT INTO `pontuacaorodada` (`usuario_id`, `campeonato_id`, `rodada_id`, `pontosRodada`, `classificacaoRodada`) VALUES
(836971939, 1, 12, 10, 10),
(836971939, 1, 13, 30, 8),
(1061637097, 1, 12, 22, 5),
(1130122019, 1, 12, 17, 0),
(1130122019, 1, 13, 30, 0),
(1130122019, 1, 14, 32, 0),
(1130122019, 1, 15, 30, 0),
(1130122019, 1, 16, 37, 0),
(1130122019, 1, 17, 32, 0),
(1130122019, 1, 18, 37, 0),
(1130122019, 2, 16, 30, 0),
(1130122019, 2, 17, 10, 0),
(1130122019, 2, 18, 30, 0),
(1130122019, 3, 1, 45, 0),
(1130122019, 3, 2, 15, 0),
(1130122019, 3, 3, 10, 0),
(1130122019, 3, 4, 0, 0),
(1145531078, 1, 15, 20, 6),
(1145531078, 2, 16, 0, 11),
(1145531078, 3, 4, 0, 5),
(1374603026, 1, 12, 0, 13),
(1512773485, 3, 4, 2, 4),
(1614334792, 1, 12, 0, 13),
(1686162406, 1, 12, 25, 4),
(1686162406, 1, 13, 17, 13),
(1824737972, 1, 12, 32, 1),
(100000037362683, 1, 13, 45, 3),
(100000037362683, 1, 17, 45, 1),
(100000037362683, 2, 18, 15, 7),
(100000039271259, 1, 12, 27, 3),
(100000050242782, 1, 13, 24, 11),
(100000093729132, 1, 12, 0, 13),
(100000109865337, 2, 19, 0, NULL),
(100000122625619, 1, 12, 2, 12),
(100000122625619, 1, 13, 10, 16),
(100000122625619, 1, 17, 0, 14),
(100000122921991, 1, 12, 0, 13),
(100000400064551, 1, 17, 10, 11),
(100000400064551, 2, 16, 10, 8),
(100000400064551, 2, 18, 10, 8),
(100000400064551, 3, 3, 5, 3),
(100000665046502, 1, 15, 29, 3),
(100000665046502, 1, 16, 12, 11),
(100000665046502, 2, 16, 19, 4),
(100000665046502, 3, 4, 0, 5),
(100000698131637, 1, 17, 5, 12),
(100000765192683, 1, 14, 0, 6),
(100000851489041, 1, 15, 7, 10),
(100000851489041, 2, 16, 5, 10),
(100000851489041, 3, 4, 0, 5),
(100000877692701, 1, 12, 27, 3),
(100000877692701, 1, 13, 35, 6),
(100000877692701, 1, 15, 16, 8),
(100000877692701, 1, 16, 30, 7),
(100000877692701, 1, 17, 32, 3),
(100000877692701, 1, 18, 20, 9),
(100000877692701, 2, 16, 20, 3),
(100000877692701, 2, 17, 44, 3),
(100000877692701, 2, 18, 17, 6),
(100000877692701, 2, 19, 0, NULL),
(100000877692701, 3, 1, 32, 5),
(100000877692701, 3, 3, 10, 1),
(100000877692701, 3, 4, 7, 2),
(100000885523518, 1, 13, 50, 0),
(100000885523518, 1, 14, 17, 0),
(100000885523518, 1, 15, 5, 0),
(100000885523518, 1, 16, 22, 0),
(100000885523518, 1, 17, 25, 0),
(100000885523518, 1, 18, 27, 0),
(100000885523518, 2, 16, 7, 0),
(100000885523518, 2, 18, 22, 0),
(100000885523518, 2, 19, 0, 0),
(100000885523518, 3, 1, 40, 0),
(100000885523518, 3, 2, 15, 0),
(100000885523518, 3, 3, 5, 0),
(100000885523518, 3, 4, 0, 0),
(100000893179119, 3, 1, 15, 6),
(100000963789848, 1, 12, 15, 8),
(100000963789848, 1, 13, 40, 4),
(100000973543518, 1, 16, 35, 4),
(100000973543518, 1, 17, 10, 11),
(100000973543518, 1, 18, 5, 12),
(100000973543518, 2, 18, 45, 1),
(100000973543518, 3, 4, 0, 5),
(100000989429009, 1, 16, 12, 11),
(100001134523722, 3, 1, 15, 6),
(100001204752179, 1, 16, 25, 8),
(100001241134861, 1, 17, 35, 2),
(100001248078738, 1, 12, 5, 11),
(100001248078738, 1, 13, 14, 15),
(100001280191253, 1, 13, 25, 10),
(100001280191253, 3, 1, 5, 8),
(100001543841823, 1, 12, 2, 12),
(100001599862159, 1, 12, 15, 8),
(100001602968614, 1, 15, 0, 12),
(100001644476049, 1, 12, 22, 5),
(100001644476049, 1, 13, 32, 7),
(100001644476049, 1, 16, 34, 5),
(100001644476049, 1, 17, 10, 11),
(100001644476049, 1, 18, 20, 9),
(100001644476049, 3, 4, 2, 4),
(100001822348142, 1, 15, 25, 4),
(100001822348142, 1, 16, 32, 6),
(100001822348142, 1, 17, 25, 6),
(100001822348142, 1, 18, 25, 7),
(100001822348142, 2, 16, 30, 2),
(100001822348142, 2, 17, 14, 8),
(100001822348142, 2, 18, 10, 8),
(100001822348142, 2, 19, 0, NULL),
(100001822348142, 3, 3, 10, 1),
(100001822348142, 3, 4, 7, 2),
(100001946749940, 1, 12, 10, 10),
(100001966645651, 1, 13, 27, 9),
(100001975337999, 1, 18, 40, 1),
(100001984735537, 1, 12, 12, 0),
(100001984735537, 1, 13, 37, 0),
(100001984735537, 1, 14, 30, 0),
(100001984735537, 1, 15, 19, 0),
(100001984735537, 1, 16, 42, 0),
(100001984735537, 2, 16, 14, 0),
(100001984735537, 2, 19, 0, 0),
(100001984735537, 3, 1, 10, 0),
(100001984735537, 3, 2, 20, 0),
(100001984735537, 3, 3, 10, 0),
(100001984735537, 3, 4, 0, 0),
(100002018572350, 1, 17, 5, 12),
(100002018572350, 1, 18, 30, 5),
(100002296771053, 2, 16, 15, 6),
(100002303047228, 1, 18, 20, 9),
(100002303047228, 2, 18, 5, 9),
(100002322151330, 1, 13, 15, 14),
(100002322151330, 1, 16, 0, 15),
(100002322151330, 1, 17, 15, 9),
(100002322151330, 2, 19, 0, NULL),
(100002322151330, 3, 4, 2, 4),
(100002402880745, 1, 16, 44, 1),
(100002450230439, 2, 17, 50, 1),
(100002540438249, 3, 4, 10, 1),
(100002561910346, 1, 12, 15, 8),
(100002561910346, 1, 14, 32, 1),
(100002561910346, 3, 1, 0, 9),
(100002561910346, 3, 2, 10, 3),
(100002575172443, 1, 12, 20, 6),
(100002575172443, 1, 13, 15, 14),
(100002647094215, 1, 15, 0, 12),
(100002647094215, 3, 3, 0, 4),
(100002667370452, 1, 17, 17, 8),
(100002667370452, 2, 17, 17, 7),
(100002667370452, 2, 18, 10, 8),
(100002667370452, 2, 19, 0, NULL),
(100002718645272, 1, 18, 32, 4),
(100002718645272, 2, 18, 10, 8),
(100002739440357, 1, 17, 30, 4),
(100002821308942, 1, 13, 52, 1),
(100002911831338, 1, 12, 25, 4),
(100002911831338, 1, 13, 10, 16),
(100002911831338, 1, 15, 35, 1),
(100002911831338, 1, 16, 10, 12),
(100002911831338, 1, 17, 5, 12),
(100002911831338, 1, 18, 0, 13),
(100002950669625, 1, 17, 5, 12),
(100002950669625, 1, 18, 0, 13),
(100003026521581, 2, 18, 10, 8),
(100003026521581, 2, 19, 0, NULL),
(100003039426484, 1, 17, 20, 7),
(100003039426484, 1, 18, 32, 4),
(100003059446890, 1, 18, 5, 12),
(100003137584745, 1, 17, 12, 10),
(100003137584745, 2, 17, 25, 6),
(100003200405633, 1, 13, 35, 6),
(100003243261927, 1, 16, 7, 13),
(100003243261927, 1, 18, 40, 1),
(100003243261927, 2, 17, 37, 4),
(100003243261927, 2, 19, 0, NULL),
(100003298062636, 1, 18, 35, 3),
(100003298062636, 2, 18, 17, 6),
(100003309231411, 1, 18, 22, 8),
(100003309231411, 2, 19, 0, NULL),
(100003353842472, 1, 18, 10, 11),
(100003353842472, 2, 19, 0, NULL),
(100003377283426, 1, 16, 22, 9),
(100003377283426, 1, 17, 17, 8),
(100003377283426, 1, 18, 27, 6),
(100003377283426, 2, 16, 5, 10),
(100003377283426, 2, 17, 32, 5),
(100003377283426, 2, 18, 30, 4),
(100003450831660, 1, 14, 0, 6),
(100003467166654, 1, 12, 20, 6),
(100003467166654, 1, 13, 0, 17),
(100003467166654, 1, 16, 25, 8),
(100003467166654, 1, 18, 35, 3),
(100003467166654, 2, 16, 17, 5),
(100003467166654, 2, 18, 5, 9),
(100003467166654, 2, 19, 0, NULL),
(100003467166654, 3, 4, 2, 4),
(100003476093190, 1, 17, 0, 14),
(100003476093190, 1, 18, 5, 12),
(100003489131091, 1, 12, 2, 0),
(100003489131091, 1, 13, 45, 0),
(100003489131091, 1, 14, 32, 0),
(100003489131091, 1, 15, 15, 0),
(100003489131091, 1, 16, 30, 0),
(100003489131091, 2, 16, 37, 0),
(100003489131091, 3, 1, 34, 0),
(100003489131091, 3, 2, 15, 0),
(100003489131091, 3, 3, 7, 0),
(100003489131091, 3, 4, 4, 0),
(100003493015109, 1, 17, 2, 13),
(100003527600324, 2, 18, 45, 1),
(100003537970612, 1, 13, 20, 12),
(100003558519211, 1, 12, 27, 3),
(100003563078838, 1, 17, 5, 12),
(100003563078838, 1, 18, 25, 7),
(100003626711219, 1, 18, 37, 2),
(100003626711219, 2, 18, 40, 2),
(100003644218362, 2, 19, 0, NULL),
(100003654227143, 1, 16, 17, 10),
(100003654227143, 3, 4, 2, 4),
(100003700180063, 1, 15, 24, 5),
(100003700180063, 1, 17, 12, 10),
(100003700180063, 1, 18, 27, 6),
(100003700180063, 2, 16, 7, 9),
(100003700180063, 2, 19, 0, NULL),
(100003700180063, 3, 4, 0, 5),
(100003715017558, 1, 16, 10, 12),
(100003715017558, 1, 17, 12, 10),
(100003715017558, 1, 18, 35, 3),
(100003715017558, 2, 17, 10, 9),
(100003722117751, 1, 14, 7, 5),
(100003733881875, 1, 17, 0, 14),
(100003733881875, 1, 18, 0, 13),
(100003733881875, 2, 18, 10, 8),
(100003738584069, 2, 18, 5, 9),
(100003751732581, 1, 18, 25, 7),
(100003765722157, 1, 16, 5, 14),
(100003765722157, 2, 17, 0, 10),
(100003766503459, 1, 18, 27, 6),
(100003766503459, 2, 18, 30, 4),
(100003766503459, 2, 19, 0, NULL),
(100003779970287, 1, 17, 10, 11),
(100003779970287, 2, 18, 5, 9),
(100003808389507, 1, 13, 0, 17),
(100003808389507, 3, 1, 42, 2),
(100003813769940, 1, 17, 5, 12),
(100003813769940, 1, 18, 0, 13),
(100003844397409, 1, 17, 0, 14),
(100003896785794, 1, 12, 30, 2),
(100003923322140, 1, 15, 15, 9),
(100003923322140, 2, 16, 5, 10),
(100004005918354, 1, 17, 5, 12),
(100004005918354, 1, 18, 22, 8),
(100004005918354, 2, 18, 32, 3),
(100004005918354, 2, 19, 0, NULL),
(100004046302666, 1, 14, 25, 3),
(100004046302666, 3, 2, 15, 2),
(100004048765780, 1, 18, 15, 10),
(100004048765780, 2, 19, 0, NULL),
(100004069275214, 1, 15, 5, 11),
(100004069275214, 2, 16, 0, 11),
(100004132051229, 3, 2, 10, 3),
(100004162299409, 1, 16, 35, 4),
(100004162299409, 1, 17, 27, 5),
(100004162299409, 1, 18, 27, 6),
(100004162299409, 2, 17, 49, 2),
(100004162299409, 2, 18, 22, 5);

-- --------------------------------------------------------

--
-- Estrutura da tabela `premiosusuario`
--

CREATE TABLE IF NOT EXISTS `premiosusuario` (
  `usuario_id` bigint(20) NOT NULL default '0',
  `campeonato_id` int(11) NOT NULL default '0',
  `codTimeFavorito` int(11) default NULL,
  `acertosPlacar` int(11) default NULL,
  `acertosTimeGanhador` int(11) default NULL,
  `acertosPlacarInvertido` int(11) default NULL,
  `errosPlacar` int(11) default NULL,
  `pontosCampeonato` int(11) default NULL,
  `pontosMedalhas` int(11) default NULL,
  `classificacaoCampeonato` int(11) default NULL,
  `classificacaoMedalhas` int(11) default NULL,
  `medalhasOuro` int(11) default NULL,
  `medalhasPrata` int(11) default NULL,
  `medalhasBronze` int(11) default NULL,
  `chuteirasOuro` int(11) default NULL,
  `chuteirasPrata` int(11) default NULL,
  `chuteirasBronze` int(11) default NULL,
  `trofeu` int(11) default '0',
  PRIMARY KEY  (`usuario_id`,`campeonato_id`),
  KEY `usuario_id` (`usuario_id`),
  KEY `campeonato_id` (`campeonato_id`)
) ENGINE=InnoDB DEFAULT CHARSET=latin1;

--
-- Extraindo dados da tabela `premiosusuario`
--

INSERT INTO `premiosusuario` (`usuario_id`, `campeonato_id`, `codTimeFavorito`, `acertosPlacar`, `acertosTimeGanhador`, `acertosPlacarInvertido`, `errosPlacar`, `pontosCampeonato`, `pontosMedalhas`, `classificacaoCampeonato`, `classificacaoMedalhas`, `medalhasOuro`, `medalhasPrata`, `medalhasBronze`, `chuteirasOuro`, `chuteirasPrata`, `chuteirasBronze`, `trofeu`) VALUES
(836971939, 1, NULL, 2, 4, 0, 8, 40, 0, 18, 6, 0, 0, 0, 0, 0, 0, 0),
(1061637097, 1, NULL, 0, 4, 1, 5, 22, 0, 26, 6, 0, 0, 0, 0, 0, 0, 0),
(1130122019, 1, NULL, 4, 33, 5, 31, 215, 260, 0, 0, 0, 2, 2, 0, 0, 0, 0),
(1130122019, 2, NULL, 2, 10, 0, 13, 70, 128, 0, 0, 0, 1, 0, 0, 0, 0, 0),
(1130122019, 3, NULL, 3, 8, 0, 14, 70, 24704, 0, 0, 3, 1, 0, 2, 0, 0, 0),
(1145531078, 1, NULL, 1, 2, 0, 9, 20, 0, 27, 6, 0, 0, 0, 0, 0, 0, 0),
(1145531078, 2, NULL, 0, 0, 0, 0, 0, 0, 21, 5, 0, 0, 0, 0, 0, 0, 0),
(1145531078, 3, NULL, 0, 0, 0, 1, 0, 0, 8, 6, 0, 0, 0, 0, 0, 0, 0),
(1374603026, 1, NULL, 0, 0, 0, 1, 0, 0, 36, 6, 0, 0, 0, 0, 0, 0, 0),
(1512773485, 3, NULL, 0, 0, 1, 1, 2, 0, 7, 6, 0, 0, 0, 0, 0, 0, 0),
(1614334792, 1, NULL, 0, 0, 0, 1, 0, 0, 36, 6, 0, 0, 0, 0, 0, 0, 0),
(1686162406, 1, NULL, 1, 6, 1, 9, 42, 0, 16, 6, 0, 0, 0, 0, 0, 0, 0),
(1824737972, 1, NULL, 2, 2, 1, 5, 32, 8192, 21, 2, 1, 0, 0, 0, 0, 0, 0),
(100000037362683, 1, NULL, 5, 8, 0, 8, 90, 8194, 4, 1, 1, 0, 1, 0, 0, 0, 0),
(100000037362683, 2, NULL, 0, 3, 0, 2, 15, 0, 17, 5, 0, 0, 0, 0, 0, 0, 0),
(100000039271259, 1, NULL, 1, 3, 1, 5, 27, 2, 23, 5, 0, 0, 1, 0, 0, 0, 0),
(100000050242782, 1, NULL, 0, 4, 2, 5, 24, 0, 25, 6, 0, 0, 0, 0, 0, 0, 0),
(100000093729132, 1, NULL, 0, 0, 0, 1, 0, 0, 36, 6, 0, 0, 0, 0, 0, 0, 0),
(100000109865337, 2, NULL, 0, 0, 0, 0, 0, 0, 21, 5, 0, 0, 0, 0, 0, 0, 0),
(100000122625619, 1, NULL, 0, 2, 1, 5, 12, 0, 31, 6, 0, 0, 0, 0, 0, 0, 0),
(100000122921991, 1, NULL, 0, 0, 0, 0, 0, 0, 36, 6, 0, 0, 0, 0, 0, 0, 0),
(100000400064551, 1, NULL, 0, 2, 0, 3, 10, 0, 32, 6, 0, 0, 0, 0, 0, 0, 0),
(100000400064551, 2, NULL, 0, 4, 0, 4, 20, 0, 14, 5, 0, 0, 0, 0, 0, 0, 0),
(100000400064551, 3, NULL, 0, 1, 0, 1, 5, 2, 6, 5, 0, 0, 1, 0, 0, 0, 0),
(100000665046502, 1, NULL, 2, 3, 3, 9, 41, 2, 17, 5, 0, 0, 1, 0, 0, 0, 0),
(100000665046502, 2, NULL, 0, 3, 2, 2, 19, 0, 15, 5, 0, 0, 0, 0, 0, 0, 0),
(100000665046502, 3, NULL, 0, 0, 0, 3, 0, 0, 8, 6, 0, 0, 0, 0, 0, 0, 0),
(100000698131637, 1, NULL, 0, 1, 0, 1, 5, 0, 34, 6, 0, 0, 0, 0, 0, 0, 0),
(100000765192683, 1, NULL, 0, 0, 0, 1, 0, 0, 36, 6, 0, 0, 0, 0, 0, 0, 0),
(100000851489041, 1, NULL, 0, 1, 1, 4, 7, 0, 33, 6, 0, 0, 0, 0, 0, 0, 0),
(100000851489041, 2, NULL, 0, 1, 0, 1, 5, 0, 20, 5, 0, 0, 0, 0, 0, 0, 0),
(100000851489041, 3, NULL, 0, 0, 0, 1, 0, 0, 8, 6, 0, 0, 0, 0, 0, 0, 0),
(100000877692701, 1, NULL, 5, 20, 5, 31, 160, 4, 1, 4, 0, 0, 2, 0, 0, 0, 0),
(100000877692701, 2, NULL, 3, 9, 3, 5, 81, 4, 1, 3, 0, 0, 2, 0, 0, 0, 0),
(100000877692701, 3, NULL, 0, 9, 2, 10, 49, 16512, 1, 1, 2, 1, 0, 0, 2, 0, 1),
(100000885523518, 1, NULL, 5, 18, 3, 17, 146, 128, 0, 0, 0, 1, 0, 0, 0, 0, 0),
(100000885523518, 2, NULL, 1, 3, 2, 2, 29, 0, 0, 0, 0, 0, 0, 0, 0, 0, 0),
(100000885523518, 3, NULL, 1, 10, 0, 10, 60, 134, 0, 0, 0, 1, 3, 0, 0, 0, 0),
(100000893179119, 3, NULL, 1, 1, 0, 1, 15, 0, 4, 6, 0, 0, 0, 0, 0, 0, 0),
(100000963789848, 1, NULL, 2, 7, 0, 8, 55, 0, 11, 6, 0, 0, 0, 0, 0, 0, 0),
(100000973543518, 1, NULL, 1, 8, 0, 8, 50, 0, 13, 6, 0, 0, 0, 0, 0, 0, 0),
(100000973543518, 2, NULL, 3, 3, 0, 4, 45, 8192, 6, 1, 1, 0, 0, 0, 0, 0, 0),
(100000973543518, 3, NULL, 0, 0, 0, 2, 0, 0, 8, 6, 0, 0, 0, 0, 0, 0, 0),
(100000989429009, 1, NULL, 0, 2, 1, 4, 12, 0, 31, 6, 0, 0, 0, 0, 0, 0, 0),
(100001134523722, 3, NULL, 0, 3, 0, 5, 15, 0, 4, 6, 0, 0, 0, 0, 0, 0, 0),
(100001204752179, 1, NULL, 0, 5, 0, 6, 25, 0, 24, 6, 0, 0, 0, 0, 0, 0, 0),
(100001241134861, 1, NULL, 2, 3, 0, 5, 35, 128, 20, 3, 0, 1, 0, 0, 0, 0, 0),
(100001248078738, 1, NULL, 0, 3, 2, 9, 19, 0, 28, 6, 0, 0, 0, 0, 0, 0, 0),
(100001280191253, 1, NULL, 1, 3, 0, 3, 25, 0, 24, 6, 0, 0, 0, 0, 0, 0, 0),
(100001280191253, 3, NULL, 0, 1, 0, 1, 5, 0, 6, 6, 0, 0, 0, 0, 0, 0, 0),
(100001543841823, 1, NULL, 0, 0, 1, 0, 2, 0, 35, 6, 0, 0, 0, 0, 0, 0, 0),
(100001599862159, 1, NULL, 0, 3, 0, 7, 15, 0, 30, 6, 0, 0, 0, 0, 0, 0, 0),
(100001602968614, 1, NULL, 0, 0, 0, 3, 0, 0, 36, 6, 0, 0, 0, 0, 0, 0, 0),
(100001644476049, 1, NULL, 4, 14, 4, 16, 118, 0, 2, 6, 0, 0, 0, 0, 0, 0, 0),
(100001644476049, 3, NULL, 0, 0, 1, 1, 2, 0, 7, 6, 0, 0, 0, 0, 0, 0, 0),
(100001822348142, 1, NULL, 3, 15, 1, 23, 107, 0, 3, 6, 0, 0, 0, 0, 0, 0, 0),
(100001822348142, 2, NULL, 1, 8, 2, 19, 54, 128, 4, 2, 0, 1, 0, 0, 0, 0, 0),
(100001822348142, 3, NULL, 1, 1, 1, 2, 17, 16512, 3, 1, 2, 1, 0, 0, 2, 0, 0),
(100001946749940, 1, NULL, 0, 2, 0, 8, 10, 0, 32, 6, 0, 0, 0, 0, 0, 0, 0),
(100001966645651, 1, NULL, 1, 3, 1, 6, 27, 0, 23, 6, 0, 0, 0, 0, 0, 0, 0),
(100001975337999, 1, NULL, 1, 6, 0, 3, 40, 8192, 18, 2, 1, 0, 0, 0, 0, 0, 0),
(100001984735537, 1, NULL, 3, 20, 5, 18, 140, 128, 0, 0, 0, 1, 0, 0, 0, 0, 0),
(100001984735537, 2, NULL, 0, 2, 2, 6, 14, 0, 0, 0, 0, 0, 0, 0, 0, 0, 0),
(100001984735537, 3, NULL, 1, 6, 0, 8, 40, 16384, 0, 0, 2, 0, 0, 0, 1, 1, 0),
(100002018572350, 1, NULL, 1, 5, 0, 7, 35, 0, 20, 6, 0, 0, 0, 0, 0, 0, 0),
(100002296771053, 2, NULL, 0, 3, 0, 2, 15, 0, 17, 5, 0, 0, 0, 0, 0, 0, 0),
(100002303047228, 1, NULL, 0, 4, 0, 6, 20, 0, 27, 6, 0, 0, 0, 0, 0, 0, 0),
(100002303047228, 2, NULL, 0, 1, 0, 0, 5, 0, 20, 5, 0, 0, 0, 0, 0, 0, 0),
(100002322151330, 1, NULL, 1, 4, 0, 17, 30, 0, 22, 6, 0, 0, 0, 0, 0, 0, 0),
(100002322151330, 2, NULL, 0, 0, 0, 0, 0, 0, 21, 5, 0, 0, 0, 0, 0, 0, 0),
(100002322151330, 3, NULL, 0, 0, 1, 1, 2, 0, 7, 6, 0, 0, 0, 0, 0, 0, 0),
(100002402880745, 1, NULL, 2, 4, 2, 3, 44, 8192, 15, 2, 1, 0, 0, 0, 0, 0, 0),
(100002450230439, 2, NULL, 3, 4, 0, 4, 50, 8192, 5, 1, 1, 0, 0, 0, 0, 0, 0),
(100002540438249, 3, NULL, 0, 2, 0, 0, 10, 8320, 5, 2, 1, 1, 0, 0, 0, 0, 0),
(100002561910346, 1, NULL, 1, 7, 1, 6, 47, 0, 14, 6, 0, 0, 0, 0, 0, 0, 0),
(100002561910346, 3, NULL, 0, 2, 0, 2, 10, 2, 5, 5, 0, 0, 1, 0, 0, 0, 0),
(100002575172443, 1, NULL, 1, 5, 0, 6, 35, 0, 20, 6, 0, 0, 0, 0, 0, 0, 0),
(100002647094215, 1, NULL, 0, 0, 0, 2, 0, 0, 36, 6, 0, 0, 0, 0, 0, 0, 0),
(100002647094215, 3, NULL, 0, 0, 0, 0, 0, 0, 8, 6, 0, 0, 0, 0, 0, 0, 0),
(100002667370452, 1, NULL, 0, 3, 1, 6, 17, 0, 29, 6, 0, 0, 0, 0, 0, 0, 0),
(100002667370452, 2, NULL, 0, 5, 1, 10, 27, 0, 11, 5, 0, 0, 0, 0, 0, 0, 0),
(100002718645272, 1, NULL, 0, 6, 1, 3, 32, 0, 21, 6, 0, 0, 0, 0, 0, 0, 0),
(100002718645272, 2, NULL, 0, 2, 0, 8, 10, 0, 18, 5, 0, 0, 0, 0, 0, 0, 0),
(100002739440357, 1, NULL, 2, 2, 0, 6, 30, 0, 22, 6, 0, 0, 0, 0, 0, 0, 0),
(100002821308942, 1, NULL, 1, 8, 1, 1, 52, 8192, 12, 2, 1, 0, 0, 0, 0, 0, 0),
(100002911831338, 1, NULL, 4, 9, 0, 20, 85, 8192, 6, 2, 1, 0, 0, 0, 0, 0, 0),
(100002950669625, 1, NULL, 0, 1, 0, 5, 5, 0, 34, 6, 0, 0, 0, 0, 0, 0, 0),
(100003026521581, 2, NULL, 0, 2, 0, 3, 10, 0, 18, 5, 0, 0, 0, 0, 0, 0, 0),
(100003039426484, 1, NULL, 2, 6, 1, 4, 52, 0, 12, 6, 0, 0, 0, 0, 0, 0, 0),
(100003059446890, 1, NULL, 0, 1, 0, 6, 5, 0, 34, 6, 0, 0, 0, 0, 0, 0, 0),
(100003137584745, 1, NULL, 0, 2, 1, 7, 12, 0, 31, 6, 0, 0, 0, 0, 0, 0, 0),
(100003137584745, 2, NULL, 0, 5, 0, 6, 25, 0, 12, 5, 0, 0, 0, 0, 0, 0, 0),
(100003200405633, 1, NULL, 1, 5, 0, 5, 35, 0, 20, 6, 0, 0, 0, 0, 0, 0, 0),
(100003243261927, 1, NULL, 2, 5, 1, 4, 47, 8192, 14, 2, 1, 0, 0, 0, 0, 0, 0),
(100003243261927, 2, NULL, 0, 7, 1, 3, 37, 0, 8, 5, 0, 0, 0, 0, 0, 0, 0),
(100003298062636, 1, NULL, 0, 7, 0, 3, 35, 2, 20, 5, 0, 0, 1, 0, 0, 0, 0),
(100003298062636, 2, NULL, 1, 1, 1, 2, 17, 0, 16, 5, 0, 0, 0, 0, 0, 0, 0),
(100003309231411, 1, NULL, 1, 2, 1, 3, 22, 0, 26, 6, 0, 0, 0, 0, 0, 0, 0),
(100003309231411, 2, NULL, 0, 0, 0, 0, 0, 0, 21, 5, 0, 0, 0, 0, 0, 0, 0),
(100003353842472, 1, NULL, 0, 2, 0, 5, 10, 0, 32, 6, 0, 0, 0, 0, 0, 0, 0),
(100003353842472, 2, NULL, 0, 0, 0, 0, 0, 0, 21, 5, 0, 0, 0, 0, 0, 0, 0),
(100003377283426, 1, NULL, 1, 10, 3, 17, 66, 0, 8, 6, 0, 0, 0, 0, 0, 0, 0),
(100003377283426, 2, NULL, 2, 9, 1, 13, 67, 0, 3, 5, 0, 0, 0, 0, 0, 0, 0),
(100003450831660, 1, NULL, 0, 0, 0, 1, 0, 0, 36, 6, 0, 0, 0, 0, 0, 0, 0),
(100003467166654, 1, NULL, 2, 12, 0, 21, 80, 2, 7, 5, 0, 0, 1, 0, 0, 0, 0),
(100003467166654, 2, NULL, 0, 4, 1, 7, 22, 0, 13, 5, 0, 0, 0, 0, 0, 0, 0),
(100003467166654, 3, NULL, 0, 0, 1, 1, 2, 0, 7, 6, 0, 0, 0, 0, 0, 0, 0),
(100003476093190, 1, NULL, 0, 1, 0, 4, 5, 0, 34, 6, 0, 0, 0, 0, 0, 0, 0),
(100003489131091, 1, NULL, 5, 14, 2, 27, 124, 2, 0, 0, 0, 0, 1, 0, 0, 0, 0),
(100003489131091, 2, NULL, 2, 3, 1, 4, 37, 8192, 0, 0, 1, 0, 0, 0, 0, 0, 0),
(100003489131091, 3, NULL, 2, 6, 5, 4, 60, 260, 0, 0, 0, 2, 2, 0, 0, 1, 0),
(100003493015109, 1, NULL, 0, 0, 1, 0, 2, 0, 35, 6, 0, 0, 0, 0, 0, 0, 0),
(100003527600324, 2, NULL, 1, 7, 0, 2, 45, 8192, 6, 1, 1, 0, 0, 0, 0, 0, 0),
(100003537970612, 1, NULL, 0, 4, 0, 7, 20, 0, 27, 6, 0, 0, 0, 0, 0, 0, 0),
(100003558519211, 1, NULL, 0, 5, 1, 4, 27, 2, 23, 5, 0, 0, 1, 0, 0, 0, 0),
(100003563078838, 1, NULL, 0, 6, 0, 2, 30, 0, 22, 6, 0, 0, 0, 0, 0, 0, 0),
(100003626711219, 1, NULL, 0, 7, 1, 2, 37, 128, 19, 3, 0, 1, 0, 0, 0, 0, 0),
(100003626711219, 2, NULL, 1, 6, 0, 3, 40, 128, 7, 2, 0, 1, 0, 0, 0, 0, 0),
(100003644218362, 2, NULL, 0, 0, 0, 0, 0, 0, 21, 5, 0, 0, 0, 0, 0, 0, 0),
(100003654227143, 1, NULL, 1, 1, 1, 8, 17, 0, 29, 6, 0, 0, 0, 0, 0, 0, 0),
(100003654227143, 3, NULL, 0, 0, 1, 1, 2, 0, 7, 6, 0, 0, 0, 0, 0, 0, 0),
(100003700180063, 1, NULL, 1, 9, 4, 11, 63, 0, 9, 6, 0, 0, 0, 0, 0, 0, 0),
(100003700180063, 2, NULL, 0, 1, 1, 0, 7, 0, 19, 5, 0, 0, 0, 0, 0, 0, 0),
(100003700180063, 3, NULL, 0, 0, 0, 1, 0, 0, 8, 6, 0, 0, 0, 0, 0, 0, 0),
(100003715017558, 1, NULL, 1, 9, 1, 16, 57, 2, 10, 5, 0, 0, 1, 0, 0, 0, 0),
(100003715017558, 2, NULL, 0, 2, 0, 9, 10, 0, 18, 5, 0, 0, 0, 0, 0, 0, 0),
(100003722117751, 1, NULL, 0, 1, 1, 0, 7, 0, 33, 6, 0, 0, 0, 0, 0, 0, 0),
(100003733881875, 1, NULL, 0, 0, 0, 3, 0, 0, 36, 6, 0, 0, 0, 0, 0, 0, 0),
(100003733881875, 2, NULL, 0, 2, 0, 6, 10, 0, 18, 5, 0, 0, 0, 0, 0, 0, 0),
(100003738584069, 2, NULL, 0, 1, 0, 0, 5, 0, 20, 5, 0, 0, 0, 0, 0, 0, 0),
(100003751732581, 1, NULL, 0, 5, 0, 5, 25, 0, 24, 6, 0, 0, 0, 0, 0, 0, 0),
(100003765722157, 1, NULL, 0, 1, 0, 1, 5, 0, 34, 6, 0, 0, 0, 0, 0, 0, 0),
(100003765722157, 2, NULL, 0, 0, 0, 1, 0, 0, 21, 5, 0, 0, 0, 0, 0, 0, 0),
(100003766503459, 1, NULL, 0, 5, 1, 4, 27, 0, 23, 6, 0, 0, 0, 0, 0, 0, 0),
(100003766503459, 2, NULL, 1, 4, 0, 5, 30, 0, 10, 5, 0, 0, 0, 0, 0, 0, 0),
(100003779970287, 1, NULL, 0, 2, 0, 1, 10, 0, 32, 6, 0, 0, 0, 0, 0, 0, 0),
(100003779970287, 2, NULL, 0, 1, 0, 0, 5, 0, 20, 5, 0, 0, 0, 0, 0, 0, 0),
(100003808389507, 1, NULL, 0, 0, 0, 1, 0, 0, 36, 6, 0, 0, 0, 0, 0, 0, 0),
(100003808389507, 3, NULL, 3, 2, 1, 2, 42, 256, 2, 3, 0, 2, 0, 0, 0, 0, 0),
(100003813769940, 1, NULL, 0, 1, 0, 5, 5, 0, 34, 6, 0, 0, 0, 0, 0, 0, 0),
(100003844397409, 1, NULL, 0, 0, 0, 1, 0, 0, 36, 6, 0, 0, 0, 0, 0, 0, 0),
(100003896785794, 1, NULL, 1, 4, 0, 5, 30, 128, 22, 3, 0, 1, 0, 0, 0, 0, 0),
(100003923322140, 1, NULL, 0, 3, 0, 9, 15, 0, 30, 6, 0, 0, 0, 0, 0, 0, 0),
(100003923322140, 2, NULL, 0, 1, 0, 2, 5, 0, 20, 5, 0, 0, 0, 0, 0, 0, 0),
(100004005918354, 1, NULL, 0, 5, 1, 7, 27, 0, 23, 6, 0, 0, 0, 0, 0, 0, 0),
(100004005918354, 2, NULL, 1, 4, 1, 4, 32, 2, 9, 4, 0, 0, 1, 0, 0, 0, 0),
(100004046302666, 1, NULL, 0, 5, 0, 4, 25, 0, 24, 6, 0, 0, 0, 0, 0, 0, 0),
(100004046302666, 3, NULL, 0, 3, 0, 1, 15, 128, 4, 4, 0, 1, 0, 0, 0, 0, 0),
(100004048765780, 1, NULL, 0, 3, 0, 2, 15, 0, 30, 6, 0, 0, 0, 0, 0, 0, 0),
(100004048765780, 2, NULL, 0, 0, 0, 0, 0, 0, 21, 5, 0, 0, 0, 0, 0, 0, 0),
(100004069275214, 1, NULL, 0, 1, 0, 3, 5, 0, 34, 6, 0, 0, 0, 0, 0, 0, 0),
(100004069275214, 2, NULL, 0, 0, 0, 0, 0, 0, 21, 5, 0, 0, 0, 0, 0, 0, 0),
(100004132051229, 3, NULL, 0, 2, 0, 2, 10, 2, 5, 5, 0, 0, 1, 0, 0, 0, 0),
(100004162299409, 1, NULL, 3, 11, 2, 7, 89, 0, 5, 6, 0, 0, 0, 0, 0, 0, 0),
(100004162299409, 2, NULL, 3, 7, 3, 8, 71, 128, 2, 2, 0, 1, 0, 0, 0, 0, 0);

-- --------------------------------------------------------

--
-- Estrutura da tabela `rendimentotime`
--

CREATE TABLE IF NOT EXISTS `rendimentotime` (
  `campeonato_id` int(11) NOT NULL default '0',
  `time_id` int(11) NOT NULL default '0',
  `vitorias` int(11) default NULL,
  `derrotas` int(11) default NULL,
  `empates` int(11) default NULL,
  `golsPro` int(11) default NULL,
  `golsContra` int(11) default NULL,
  `pontos` int(11) default NULL,
  `saldoGols` int(11) default NULL,
  `classificacao` int(11) default NULL,
  PRIMARY KEY  (`campeonato_id`,`time_id`),
  KEY `time_id` (`time_id`),
  KEY `campeonato_id` (`campeonato_id`)
) ENGINE=InnoDB DEFAULT CHARSET=latin1;

--
-- Extraindo dados da tabela `rendimentotime`
--

INSERT INTO `rendimentotime` (`campeonato_id`, `time_id`, `vitorias`, `derrotas`, `empates`, `golsPro`, `golsContra`, `pontos`, `saldoGols`, `classificacao`) VALUES
(1, 1, 2, 1, 4, 11, 10, 10, 1, NULL),
(1, 2, 4, 0, 2, 8, 3, 14, 5, NULL),
(1, 3, 2, 3, 2, 5, 5, 8, 0, NULL),
(1, 4, 4, 4, 2, 11, 10, 14, 1, NULL),
(1, 5, 3, 1, 3, 8, 5, 12, 3, NULL),
(1, 6, 3, 3, 1, 13, 11, 10, 2, NULL),
(1, 7, 2, 4, 1, 7, 14, 7, -7, NULL),
(1, 8, 1, 8, 0, 2, 15, 3, -13, NULL),
(1, 9, 3, 2, 1, 6, 5, 10, 1, NULL),
(1, 10, 4, 1, 2, 7, 3, 14, 4, NULL),
(1, 11, 4, 2, 1, 12, 6, 13, 6, NULL),
(1, 12, 3, 1, 3, 5, 3, 12, 2, NULL),
(1, 13, 3, 3, 1, 11, 9, 10, 2, NULL),
(1, 14, 3, 5, 1, 7, 10, 10, -3, NULL),
(1, 15, 1, 4, 2, 5, 11, 5, -6, NULL),
(1, 16, 3, 0, 4, 9, 4, 13, 5, NULL),
(1, 17, 4, 2, 1, 14, 13, 13, 1, NULL),
(1, 18, 3, 4, 0, 13, 12, 9, 1, NULL),
(1, 19, 1, 5, 2, 2, 8, 5, -6, NULL),
(1, 20, 2, 2, 3, 5, 4, 9, 1, NULL),
(1, 37, 0, 0, 0, 0, 0, 0, 0, NULL),
(1, 38, 0, 0, 0, 0, 0, 0, 0, NULL),
(1, 39, 0, 0, 0, 0, 0, 0, 0, NULL),
(1, 40, 0, 0, 0, 0, 0, 0, 0, NULL),
(1, 41, 0, 0, 0, 0, 0, 0, 0, NULL),
(1, 42, 0, 0, 0, 0, 0, 0, 0, NULL),
(1, 43, 0, 0, 0, 0, 0, 0, 0, NULL),
(1, 44, 0, 0, 0, 0, 0, 0, 0, NULL),
(1, 45, 0, 0, 0, 0, 0, 0, 0, NULL),
(1, 46, 0, 0, 0, 0, 0, 0, 0, NULL),
(1, 47, 0, 0, 0, 0, 0, 0, 0, NULL),
(1, 48, 0, 0, 0, 0, 0, 0, 0, NULL),
(1, 49, 0, 0, 0, 0, 0, 0, 0, NULL),
(1, 50, 0, 0, 0, 0, 0, 0, 0, NULL),
(1, 51, 0, 0, 0, 0, 0, 0, 0, NULL),
(1, 52, 0, 0, 0, 0, 0, 0, 0, NULL),
(1, 53, 0, 0, 0, 0, 0, 0, 0, NULL),
(1, 54, 0, 0, 0, 0, 0, 0, 0, NULL),
(1, 55, 0, 0, 0, 0, 0, 0, 0, NULL),
(1, 56, 0, 0, 0, 0, 0, 0, 0, NULL),
(2, 37, 0, 3, 0, 2, 7, 0, -5, NULL),
(2, 38, 1, 1, 1, 4, 3, 4, 1, NULL),
(2, 39, 0, 2, 1, 4, 7, 1, -3, NULL),
(2, 40, 1, 1, 1, 2, 2, 4, 0, NULL),
(2, 41, 3, 0, 0, 4, 0, 9, 4, NULL),
(2, 42, 3, 0, 0, 7, 2, 9, 5, NULL),
(2, 43, 1, 2, 0, 3, 4, 3, -1, NULL),
(2, 44, 1, 2, 0, 3, 6, 3, -3, NULL),
(2, 45, 0, 4, 0, 1, 7, 0, -6, NULL),
(2, 46, 3, 0, 0, 7, 1, 9, 6, NULL),
(2, 47, 0, 3, 0, 0, 10, 0, -10, NULL),
(2, 48, 1, 1, 1, 5, 5, 4, 0, NULL),
(2, 49, 1, 1, 1, 2, 2, 4, 0, NULL),
(2, 50, 1, 2, 0, 4, 3, 3, 1, NULL),
(2, 51, 1, 2, 0, 3, 6, 3, -3, NULL),
(2, 52, 2, 1, 0, 5, 3, 6, 2, NULL),
(2, 53, 3, 1, 0, 6, 2, 9, 4, NULL),
(2, 54, 1, 1, 1, 5, 3, 4, 2, NULL),
(2, 55, 1, 0, 2, 4, 2, 5, 2, NULL),
(2, 56, 3, 0, 0, 6, 2, 9, 4, NULL),
(3, 21, 1, 1, 1, 4, 5, 4, -1, NULL),
(3, 22, 0, 1, 1, 1, 4, 1, -3, NULL),
(3, 23, 6, 0, 0, 14, 4, 18, 10, NULL),
(3, 24, 0, 1, 1, 0, 2, 1, -2, NULL),
(3, 25, 4, 2, 0, 13, 7, 12, 6, NULL),
(3, 26, 0, 2, 0, 2, 6, 0, -4, NULL),
(3, 27, 1, 1, 1, 5, 5, 4, 0, NULL),
(3, 28, 0, 2, 0, 0, 3, 0, -3, NULL),
(3, 29, 2, 2, 1, 5, 5, 7, 0, NULL),
(3, 30, 0, 1, 1, 0, 1, 1, -1, NULL),
(3, 31, 2, 1, 2, 5, 5, 8, 0, NULL),
(3, 32, 0, 2, 0, 1, 3, 0, -2, NULL),
(3, 33, 0, 1, 1, 0, 1, 1, -1, NULL),
(3, 34, 1, 1, 1, 3, 3, 4, 0, NULL),
(3, 35, 2, 0, 1, 5, 2, 7, 3, NULL),
(3, 36, 0, 1, 1, 2, 4, 1, -2, NULL);

-- --------------------------------------------------------

--
-- Estrutura da tabela `rodada`
--

CREATE TABLE IF NOT EXISTS `rodada` (
  `id` int(11) NOT NULL default '0',
  `status` set('ativa','finalizada') default NULL,
  `campeonato_id` int(11) NOT NULL default '0',
  PRIMARY KEY  (`id`,`campeonato_id`),
  KEY `campeonato_id` (`campeonato_id`)
) ENGINE=InnoDB DEFAULT CHARSET=latin1;

--
-- Extraindo dados da tabela `rodada`
--

INSERT INTO `rodada` (`id`, `status`, `campeonato_id`) VALUES
(1, 'ativa', 1),
(1, 'ativa', 2),
(1, 'finalizada', 3),
(2, 'ativa', 1),
(2, 'ativa', 2),
(2, 'finalizada', 3),
(3, 'ativa', 1),
(3, 'ativa', 2),
(3, 'finalizada', 3),
(4, 'ativa', 1),
(4, 'ativa', 2),
(4, 'finalizada', 3),
(5, 'ativa', 1),
(5, 'ativa', 2),
(6, 'ativa', 1),
(6, 'ativa', 2),
(7, 'ativa', 1),
(7, 'ativa', 2),
(8, 'ativa', 1),
(8, 'ativa', 2),
(9, 'ativa', 1),
(9, 'ativa', 2),
(10, 'ativa', 1),
(10, 'ativa', 2),
(11, 'ativa', 1),
(11, 'ativa', 2),
(12, 'finalizada', 1),
(12, 'ativa', 2),
(13, 'finalizada', 1),
(13, 'ativa', 2),
(14, 'ativa', 1),
(14, 'ativa', 2),
(15, 'ativa', 1),
(15, 'finalizada', 2),
(16, 'ativa', 1),
(16, 'finalizada', 2),
(17, 'ativa', 1),
(17, 'finalizada', 2),
(18, 'finalizada', 1),
(18, 'finalizada', 2),
(19, 'ativa', 1),
(19, 'ativa', 2),
(20, 'ativa', 1),
(20, 'ativa', 2),
(21, 'ativa', 1),
(21, 'ativa', 2),
(22, 'ativa', 1),
(22, 'ativa', 2),
(23, 'ativa', 1),
(23, 'ativa', 2),
(24, 'ativa', 1),
(24, 'ativa', 2),
(25, 'ativa', 1),
(25, 'ativa', 2),
(26, 'ativa', 1),
(26, 'ativa', 2),
(27, 'ativa', 1),
(27, 'ativa', 2),
(28, 'ativa', 1),
(28, 'ativa', 2),
(29, 'ativa', 1),
(29, 'ativa', 2),
(30, 'ativa', 1),
(30, 'ativa', 2),
(31, 'ativa', 1),
(31, 'ativa', 2),
(32, 'ativa', 1),
(32, 'ativa', 2),
(33, 'ativa', 1),
(33, 'ativa', 2),
(34, 'ativa', 1),
(34, 'ativa', 2),
(35, 'ativa', 1),
(35, 'ativa', 2),
(36, 'ativa', 1),
(36, 'ativa', 2),
(37, 'ativa', 1),
(37, 'ativa', 2),
(38, 'ativa', 1),
(38, 'ativa', 2);

-- --------------------------------------------------------

--
-- Estrutura da tabela `time`
--

CREATE TABLE IF NOT EXISTS `time` (
  `id` int(11) NOT NULL auto_increment,
  `nomeTime` varchar(255) default NULL,
  `escudo` text,
  `pais_id` int(11) NOT NULL default '76',
  PRIMARY KEY  (`id`),
  KEY `pais_id` (`pais_id`)
) ENGINE=InnoDB  DEFAULT CHARSET=latin1 AUTO_INCREMENT=57 ;

--
-- Extraindo dados da tabela `time`
--

INSERT INTO `time` (`id`, `nomeTime`, `escudo`, `pais_id`) VALUES
(1, 'Atltico-go', 'imagens/escudos/atletico-go47x47.png', 76),
(2, 'Atltico-mg', 'imagens/escudos/atletico-mg47x47.png', 76),
(3, 'Bahia', 'imagens/escudos/bahia47x47.png', 76),
(4, 'Botafogo', 'imagens/escudos/botafogo47x47.png', 76),
(5, 'Corinthians', 'imagens/escudos/corinthians47x47.png', 76),
(6, 'Coritiba', 'imagens/escudos/coritiba47x47.png', 76),
(7, 'Cruzeiro', 'imagens/escudos/cruzeiro47x47.png', 76),
(8, 'Figueirense', 'imagens/escudos/figueirense47x47.png', 76),
(9, 'Flamengo', 'imagens/escudos/flamengo47x47.png', 76),
(10, 'Fluminense', 'imagens/escudos/fluminense47x47.png', 76),
(11, 'Grmio', 'imagens/escudos/gremio47x47.png', 76),
(12, 'Internacional', 'imagens/escudos/internacional47x47.png', 76),
(13, 'Nutico', 'imagens/escudos/nautico47x47.png', 76),
(14, 'Palmeiras', 'imagens/escudos/palmeiras47x47.png', 76),
(15, 'Ponte Preta', 'imagens/escudos/ponte-preta47x47.png', 76),
(16, 'Portuguesa-sp', 'imagens/escudos/portuguesa-sp47x47.png', 76),
(17, 'Santos', 'imagens/escudos/santos47x47.png', 76),
(18, 'So Paulo', 'imagens/escudos/sao-paulo47x47.png', 76),
(19, 'Sport', 'imagens/escudos/sport47x47.png', 76),
(20, 'Vasco', 'imagens/escudos/vasco47x47.png', 76),
(21, 'Egito', 'imagens/bandeiras/bandeira-egito48x48.png', 818),
(22, 'Nova Zelndia', 'imagens/bandeiras/bandeira-nova-zelandia48x48.png', 554),
(23, 'Mxico', 'imagens/bandeiras/bandeira-mexico48x48.png', 484),
(24, 'Gabo', 'imagens/bandeiras/bandeira-gabao48x48.png', 266),
(25, 'Brasil', 'imagens/bandeiras/bandeira-brasil48x48.png', 76),
(26, 'Bielo-rssia', 'imagens/bandeiras/bandeira-bielo-russia48x48.png', 112),
(27, 'Senegal', 'imagens/bandeiras/bandeira-senegal48x48.png', 686),
(28, 'Uruguai', 'imagens/bandeiras/bandeira-uruguai48x48.png', 858),
(29, 'Japo', 'imagens/bandeiras/bandeira-japao48x48.png', 392),
(30, 'Marrocos', 'imagens/bandeiras/bandeira-marrocos48x48.png', 504),
(31, 'Coreia do Sul', 'imagens/bandeiras/bandeira-coreia-do-sul48x48.png', 410),
(32, 'Sua', 'imagens/bandeiras/bandeira-suica48x48.png', 756),
(33, 'Espanha', 'imagens/bandeiras/bandeira-espanha48x48.png', 724),
(34, 'Honduras', 'imagens/bandeiras/bandeira-honduras48x48.png', 340),
(35, 'Reino Unido', 'imagens/bandeiras/bandeira-reino-unido48x48.png', 826),
(36, 'Emiratos rabes Unidos', 'imagens/bandeiras/bandeira-emiratos-arabes-unidos48x48.png', 784),
(37, 'Abc', 'imagens/escudos/abc47x47.png', 76),
(38, 'Amrica-mg', 'imagens/escudos/america-mg47x47.png', 76),
(39, 'Amrica-rn', 'imagens/escudos/america-rn47x47.png', 76),
(40, 'Asa', 'imagens/escudos/asa47x47.png', 76),
(41, 'Atltico-pr', 'imagens/escudos/atletico-pr47x47.png', 76),
(42, 'Ava', 'imagens/escudos/avai47x47.png', 76),
(43, 'Barueri', 'imagens/escudos/barueri47x47.png', 76),
(44, 'Boa Esporte', 'imagens/escudos/boa-esporte47x47.png', 76),
(45, 'Bragantino', 'imagens/escudos/bragantino47x47.png', 76),
(46, 'Cear', 'imagens/escudos/ceara47x47.png', 76),
(47, 'Crb', 'imagens/escudos/crb47x47.png', 76),
(48, 'Cricima', 'imagens/escudos/criciuma47x47.png', 76),
(49, 'Gois', 'imagens/escudos/goias47x47.png', 76),
(50, 'Guarani', 'imagens/escudos/guarani47x47.png', 76),
(51, 'Guaratinguet', 'imagens/escudos/guaratingueta47x47.png', 76),
(52, 'Ipatinga', 'imagens/escudos/ipatinga47x47.png', 76),
(53, 'Joinville', 'imagens/escudos/joinville47x47.png', 76),
(54, 'Paran', 'imagens/escudos/parana47x47.png', 76),
(55, 'So Caetano', 'imagens/escudos/sao-caetano47x47.png', 76),
(56, 'Vitria', 'imagens/escudos/vitoria47x47.png', 76);

-- --------------------------------------------------------

--
-- Estrutura da tabela `usuario`
--

CREATE TABLE IF NOT EXISTS `usuario` (
  `id` bigint(20) NOT NULL default '0',
  `tokenUsuario` varchar(255) default NULL,
  `primeiroNomeUsuario` varchar(255) default NULL,
  `segundoNomeUsuario` varchar(255) default NULL,
  `emailUsuario` varchar(255) default NULL,
  PRIMARY KEY  (`id`)
) ENGINE=InnoDB DEFAULT CHARSET=latin1;

--
-- Extraindo dados da tabela `usuario`
--

INSERT INTO `usuario` (`id`, `tokenUsuario`, `primeiroNomeUsuario`, `segundoNomeUsuario`, `emailUsuario`) VALUES
(533424116, 'AAADUkCMlzxoBAAGoHw2ZAbxZBT6b7nqlSdMZAg9Id3S9LG0wUINUB7TZCfa2lgH3eWhlRGoB1ytOu4QEshuQ8jxqZB1Ct8WDmvPq46RIVkwZDZD', 'Jonhnny', 'Weslley', 'jonhnnyweslley@gmail.com'),
(836971939, 'AAADUkCMlzxoBAFgEjpMZAA7PSKtVZB5SbOKbq7DT363ZBAzjSA6nSiZCTQBZAA1Az2EWZBZAI0jLY9cM0WVB8sSAa2stv18m5s4ZB6BmjFrVQgZDZD&expires=5183998', 'Itallo', 'Victor', 'itallovic@gmail.com'),
(1058463556, 'AAADUkCMlzxoBALIrK6TZB2iynHidStTnlyPKiDzhC3cpUE7SrFfMLXCWCZAMKQakT7xSfbiboFOdWFtcczTKkZC1BPv70V2r6ipTkLutNB4HfM74cZBW', 'Deyvid', 'Yury', 'deyvidyury@yahoo.com.br'),
(1061637097, 'AAADUkCMlzxoBAJdBsFB3ZBSmf34mG2Hh4Yq2u4t17gXclyIZB3btmui7XcYZCXcqdSgIfMzuH0IfOKjDS8jJcT3SpTq9VmhRyWCoTZBPy1DFlx8CVvz9', 'Sebastio', 'Rodrigues', 'tiaoricardo@gmail.com'),
(1130122019, 'AAADUkCMlzxoBANdBEb8p2ZBAaBzLSI0FytnDfoUFfZBR55Qan2oTrCeFSsjVuzRtWZA5nZAYFLJZAANj6jfVjObumpI3Yu2B4WCwUdNJSywZDZD&expires=5174505', 'Bruno', 'Mendes', 'bsednem@hotmail.com'),
(1145531078, 'AAADUkCMlzxoBANUMlKgRKRarMMHWWpBtVONiV0ZAuxsQSZCuXb14jrYttmwbeipYgpm24X0rrnAZAa3M8wsyNDDTsprpq6tPdMAWxMC8wZDZD&expires=5183998', 'Felipe', 'Rocha', 'bandeirafelipe_3@hotmail.com'),
(1274882878, 'AAADUkCMlzxoBAB5fPkD9XZAZAi9horBAmty76FLKaqDvW5UBWMlzViW2itFtN1i2qfvGZAZCGhg1xpmNUGufsIuy48FIeV8XMu2HlQcAiwZDZD&expires=5183998', 'Paulo', 'Henrique', 'phenriquemoura@gmail.com'),
(1374603026, 'AAADUkCMlzxoBAH59xRPx5Vix7onDtxDZCuLWdcAFzDdZBZBYxnBWkgwkKwQbApR4kOMUzsDdeg7SAOSjM5BI6FVvLhaoRZCYXxluGZCB71mG4ytbfecFm', 'Themistocles', 'Waquim', 'themistocleswaquim@hotmail.com'),
(1391412645, 'AAADUkCMlzxoBANGBZBSfHzGYnP2Gna7g2hSYAWt6ZCqr87ZA90MWZAyvtoH3rWEbPip8UXMZB2W8HQlb6bLCqTCGHxS8t37QboH4OhAy7PQQnT8jZC06Cp', 'Denise', 'Stephany', 'deni12346@hotmail.com'),
(1471646998, 'AAADUkCMlzxoBAMqspFkHqsS48i9ZC6PEH1nSfOxrtpkDZCLxdZBb3JZAecB6UulVFKu10lULYkg0PWlVBA9wu3Nd4eGSzjPTo0lBZBTfmpgZDZD&expires=5183998', 'Nadyson', 'Felipe', 'nadyson-felipe@hotmail.com'),
(1512773485, 'AAADUkCMlzxoBAHpB4WibiN7ZBnCWcWKg8qjoVEYgV3jjflpf0U9WlTrEazy8MN3XY7qptZB1ip6VhOXvGaYWGyZAlBKc1SwORbJyOpgdAZDZD&expires=5183998', 'Mximo', 'Henrique', 'malchik_cerberus@hotmail.com'),
(1614334792, 'AAADUkCMlzxoBAL69tdzWXpJApIYZBQAeFV2m61X5KfuP101ZCoasQgZBwPdrWwWDstZAfaNQBBq77I9K9bRkuyf5wRbCYikC3JqGtArHuVZAsqSH7fsic', 'Italo', 'Veloso', 'italoplus@gmail.com'),
(1686162406, 'AAADUkCMlzxoBAM8LhcU3BlkpUb8gR0H7C9z54A6icRLfdc1THX2lr3ZAh8OpHaWb1qn2OXZAPq0r7pjEcJeX5DU1azsmJRZAGTNgMHj1AZDZD&expires=5109940', 'Alan', 'Andrade', 'alanparkcaus@hotmail.com'),
(1706695824, 'AAADUkCMlzxoBAOgGTSV0rwWZA0POZCCDdGZAb26TxJvMYzBNsbDQVNz5l2jWYzWLjLDjmVmfmMGtSAsevoZAgaZAAhtS5D13pLxwWZCxd1DwZDZD&expires=5183999', 'Wellington', 'Gomes', 'ellytinhoo@hotmail.com'),
(1757276749, 'AAADUkCMlzxoBAM4ZCPXvno8ZBGZAigElpYMNBFMs6D2TRWQo9Tw1fyraOK49ZABFeWngZBeVtmQaidvwAZC1k1qqEFV6KQvIhHydXjVfISRc8MZBra6nCaN', 'Eliana', 'Pessoa', 'elipesn@hotmail.com'),
(1775683722, 'AAADUkCMlzxoBAIuHEx1uW7SERxTK80X4v4SGe2eeFNZAdw2U1ZB4rnZBI8dZAjVqFliCTEvFKK9a6lnp5P2FexlijDkiS9l2LGU5SERYYwZDZD&expires=5183998', 'Wesley', 'Martins', 'wesley_marque@hotmail.com'),
(1816162455, 'AAADUkCMlzxoBAGanOJ1BWYDoWNvkRvRIB5ZB6Rg157V485Sx2yJjA6SjKC7gDNZAitgaRvqQkaBOVxzZCcVZBeIxzx8XajmBQusOqRTD9QL3RjJOL6ZB9', 'Larissa', 'Pessoa', 'larissapessoal@gmail.com'),
(1824737972, 'AAADUkCMlzxoBABTfdeAwGeADaZBdOU1Rulus53cZAPKbVOWTUapyuarJ5MhiQ1aPP6h9jCLJ29V0kOWxKrja32fV6LhEnpy05dClZBqTE1GatjNdCyG', 'Luana', 'Santana', 'luanasantana@live.com'),
(89015000002679, 'AAADUkCMlzxoBAEtC8ehzFoHTvGRUwL6bWEAnguGDWmknlaVNhzPefODZC4y0bvI4TIZBER9RkCtR3HFpnQkuXbcpu1QNgtgbcioJhlgwZDZD&expires=5183999', 'Sandra', 'Fallersen', 'wbxutrmcig_1344009670@tfbnw.net'),
(100000037362683, 'AAADUkCMlzxoBAFebLEW60kQtDFFWwKLF5XnfhhNZCJ80qbXAlLfm7OszyQUyAB1CjpKrcNXDrtdVcIm5njNSM3ZAUlcNuqqGwBGI9fJAZDZD&expires=5183998', 'Jos Arlan', 'Marinho Morais', 'ze_harlan@hotmail.com'),
(100000039271259, 'AAADUkCMlzxoBAMAkwX1WeNMkv1FWv4LJltw5EB4kJzLkZAKAuVBBPvZBFUnxOfZBfsKGtNWg6VRZA6pVlsG09fhZBflCTRc4ALHGZAqe0XoAZDZD&expires=5183998', 'Camila', 'Guimares', 'camila@osmosqueteiros.com.br'),
(100000050242782, 'AAADUkCMlzxoBAMkesdjdJtL2697VZBh2GgcpZCjPm5Fwkhfu7JcnUyrfXgXTpMamJP88WZBiHug72fSeve3pL0K2YDPycirMFM7OSywigZDZD&expires=5183999', 'Tania', 'Mendes', 'tmfb_ump@hotmail.com'),
(100000093729132, 'AAADUkCMlzxoBAOlycErlsZC5PZAjycAa200GX0ox18RfcrtMrZC9utwhajW8fI6PcnJ9p3QtAJwhja7GSJjZCqIZCLG6eKasqtBrCvldamKtXwmjltMfH', 'Eduardo', 'Frota', 'edu-frota@hotmail.com'),
(100000109865337, 'AAADUkCMlzxoBABP4IjI8NzqRUzMTxYb1Ad2nWb7NuUlxzcGlRdGExZCgLNvZBF1LxnCZACKju8RwY3wxtwiFvuSoZCDgbuO0gOR5PPdYRQZDZD&expires=5183998', 'Ezequiel', 'Ribeiro', 'ezequiel_dudu@hotmail.com'),
(100000122625619, 'AAADUkCMlzxoBAGv8hNX7MRrDOJSnUcPyZANZAIf3VH2DZAjOBUdlAAI18YA9qjUYZBG5NuWW4MwTdm7siEZAWwqiZBkHFz7CedPNX0WO4HogZDZD&expires=5183999', 'Thonny', 'Cleuton', 'thonnycleuton@hotmail.com'),
(100000122921991, 'AAADUkCMlzxoBACEszpdExEtHTu13hkZAKnFkc2rJWD0ZCV0ZBeT0N3P3OEWTo7jwqxf2yaUtI9YfWzs1sztbZCKRsv84Bn2ilZC6ZChQGIBnxCRZBjmbmVc', 'Bruno', 'Serra', 'bruno.serra.halac@gmail.com'),
(100000156321743, 'AAADUkCMlzxoBANGSxwFxJypmpiAPrH9h1FZAYxbgQ3b7XQZCqxTSVKWkejar3K6PRV65bznUEjrnJc3zZCIC6hewW2uvbCMgDhh4fgrLAZDZD&expires=5103624', 'Augusto', 'Melo', 'augusto_henrique@hotmail.com'),
(100000203239974, 'AAADUkCMlzxoBAPSUMiMh0R2e5NlncCh8MNEhoVSvFemmet4ZBdioVIO8MGGy1WMiAsp5oF3V81yg72Wzx4PxdFaNIadsi4Cz4vLDtmJa9seE1flXe', 'Danielle', 'Monteiro', 'danisamon@gmail.com'),
(100000311206037, 'AAADUkCMlzxoBAEUopraZBCYgrKKJ1uuyb8hWzfeWIvNq2wTyLFPzhPZCLuarxS5EYnliecvvzqxKngiBjrGkkIC71lOoQKYfcP7fCJbV1UvaZAeHz7ZB', 'Dogival', 'Morais', 'dogival_600@hotmail.com'),
(100000321727785, 'AAADUkCMlzxoBAIPWq5EjTmYs4Y9ZAILGwElxCnd79QmZB8EcbjqHZArOrgeljSJn4n3DhJXZBbc8s0lArrLYOZAXZBlw9LPCZBODBA2KC6nTmuZA5iJ2061N', 'Francisco', 'Rocha', 'fmarcosrocha@gmail.com'),
(100000400064551, 'AAADUkCMlzxoBAK8YG4sQ3f5K7q2yyjwRROEU3coj4KKGLxVjBr1svtQ7adFarSHiOA7ct5mcHYxRmuxhqzZAHZAfyZAOcvYFcLVlF49JgZDZD&expires=5101821', 'Jose Hamilton', 'Leal Jr.', 'satoescariote@hotmail.com'),
(100000448355914, 'AAADUkCMlzxoBAEHfzWZCN5n6FKk6qhyM8iFzKFdaVhVHcqVicjK7vcqT5UZCPmkoyBfZAA0bwF4J4Wr0lmc6WRFEFQYHZC5Hk6P1839egAZDZD&expires=5183999', 'Matheus', 'Pazette', 'matheuspazettejpa@hotmail.com'),
(100000631447400, 'AAADUkCMlzxoBAMdCwHiUTjCxJFsDsIDxcBMLdvPKC1eVnAA4iNWgxBxbhvXmesKCnFfFeMHghdtgnuoXlVElEQsoSkMlwOD9zZCW6RwZDZD&expires=5183998', 'Ely', 'Miranda', 'elyvation@gmail.com'),
(100000665046502, 'AAADUkCMlzxoBAN3EtucscEP6RFoeFameHKdepJ2MaFJIfZBUSkmeuJR4sU9ZAWJZCcdZBa2K3ZCJO4uQnMgYv88b9nVU0xiHCKJJiavorlQZDZD&expires=5183998', 'Marcos', 'Paulo', 'mp3_jt3@hotmail.com'),
(100000695999057, 'AAADUkCMlzxoBAKcScftRCYd4qcDN5mGTp0C3O6v8fd1bT42a3m2EYjXkJoJDZAW0FmRP0DwmFNwkoo6d4iIWjoRyV5Vz6VMJG0K9BYgZDZD&expires=5183998', 'Allana', 'Batista', 'allanacunha07@hotmail.com'),
(100000698131637, 'AAADUkCMlzxoBAOWF371ycJmNWKeEJyExsAJwcZB0JiryREsfBmbZAcZBOnufhuVCjCWx82k2SB2AX6HTiHGPDiwHq1kbyK30SuUCXBheAZDZD&expires=5183998', 'Thiago', 'Chaves', 'thiagodesck@hotmail.com'),
(100000765192683, 'AAADUkCMlzxoBAIeiHzHZBSmLfpmltV9BZBemZBc8P0GZAE8WoLwBhkPxZAKsfi6iqYLZC4CJT5M08bKcCx8fheOfIv9dq95eCHW7prsMJKDwZDZD&expires=5183998', 'Pedro', 'Santana', 'pedro_camisa1dosinesio@hotmail.com'),
(100000851489041, 'AAADUkCMlzxoBAHl9gka5bRMBofduH2za85dmtrDUd2KHnZAbbZBAtvuRfZA6tn6Gq0szquPnf7GXCb9ciNONSciBzWjzbGBH61B0x0NCgZDZD&expires=5183994', 'Ulisses', 'Santana', 'ulissespk@hotmail.com'),
(100000877692701, 'AAADUkCMlzxoBAE289VgEftEZAB6hrcSZB0TnilFpeHKVZBpGxsTtJriZArhw0p1KQergxv2TnZCHZCfZBepD0LZAk2pfIZCOj1ibBmVDrfZBQXfgZDZD&expires=5183998', 'Judson', 'De Araujo Barbosa', 'judsonbauer@hotmail.com'),
(100000885523518, 'AAADUkCMlzxoBANO7UlSWoVupynd5zNXBSEtzsYcQSUcRVPTJmgjuDQXueiDyniwZBJ7PyFWEq0tAUf2QcXXiAXZBkTG9vCGUjPoluTsgZDZD&expires=5134828', 'Daniel', 'Alvarenga Lima', 'alvarenga_daniel@hotmail.com'),
(100000893179119, 'AAADUkCMlzxoBAOgbmoZCpOT12SpsU3qpmg8dkwcC09E2QFuyMpzfdBpal8difCsZAGGoyA7dlMjeIZCkrjKkpxfaZCOVYuS9DuAIOrniJQZDZD&expires=5183998', 'Pablo Cunha', 'Almeida', 'p31918@hotmail.com'),
(100000963789848, 'AAADUkCMlzxoBALgoVZCMLxjZCfuRNQzCBIG4m4mZBy6KZBECY5fiLK9ABojt7UFyUMxIcy2XekPZBXFo0miMGlEli61vTUJW0NuKy8P1kXwZDZD&expires=5183998', 'Deo', 'Junior', 'deonjr@gmail.com'),
(100000967155326, 'AAADUkCMlzxoBAIoZA18mYtTCbXYM5C7reC2tUCZBqHMy6LxDq3ZBADWBzpblAtolZAAEBDZAM3P0vwxOkEAeOD5EtWts884DtKeBUrqxSsJp95xG1WJuC', 'Silvestre', 'Filho', 'sfilho23@hotmail.com'),
(100000973543518, 'AAADUkCMlzxoBACC0INwkNbVeV4pZAda79zcV1snQDK36Kb9Ikt95kVbMxF8ky4Y0fTgNek6VoUPZCNFnZASEHiUoLsUARflAJ4oD03pjQZDZD&expires=5183998', 'Hermeson', 'Soares', 'tri_maluco@hotmail.com'),
(100000989429009, 'AAADUkCMlzxoBAKZBOS4N2DREVVGxQZAN7kC8v2jljRqzzkNRQjl3IDVoc7BNlXf3RBq6DMMbox3xCRjGHHUZArAziUWW0o6ZCcVpWfM68QZDZD&expires=5183998', 'Italo', 'Alvarenga', 'italo-alvarenga@hotmail.com'),
(100001000359183, 'AAADUkCMlzxoBAGxQJmkAYNQxIBNZBvbfyhx27QsvhpiADAF7aTrvV3lYNqr5Smt59j3uJ8He7UuIGFGwfJnhpUDst9xmmpx1tl006kIzBw7GFtKSJ', 'Joo Paulo', 'Barros', 'joaopaulodesousa@gmail.com'),
(100001134523722, 'AAADUkCMlzxoBAJZAOG0LBdZBOrkk0ZAtZAwmb47oXbHMitBRQ8Ee2niia5JZBEctVrtWZB2cuGEJCEY3VnRJpCDtqA5C1QFGBZAhD4e5zQ6AAZDZD&expires=5183998', 'Rosana', 'Lima', 'rosanalimaferraz@hotmail.com'),
(100001204752179, 'AAADUkCMlzxoBAPoUKENXnpOpJ3YG1EAJM5Tiwu60P7TAKqheRGNbnu4X3ZB1llgy864Xl7P2gRzZABgTu64FFeZBeVBA4lhPCSrpKBfTwZDZD&expires=5138521', 'Devisson', 'Almeida', 'devisson1920@hotmail.com'),
(100001221347835, 'AAADUkCMlzxoBAMi39KppfHdaHdVquaGaroRVnCurmZAM1gPBtUyiv8MEkXxoTBqcHNQYr8tne9nuJZAQTTKGTQY4nXrzXfcqO9j5RuWgZDZD&expires=5183997', 'Jose', 'Felipe', 'j.felipeoliveira@hotmail.com'),
(100001241134861, 'AAADUkCMlzxoBAF80uhdZA5TGCDtfloZASSxnUhYAYFAFk5XfrzZBZASEn96hyAmGPOGuKrZCqGx8FRrbMjfPAwxKbxA0tB2l12174CWdnrQZDZD&expires=5105016', 'Anderson', 'Lopes', 'anderson.lopees@hotmail.com'),
(100001248078738, 'AAADUkCMlzxoBAAZBd3Br5NLnfvwk4XyRvjaMFjHWs7SO2SiRcK01Tz5KfLnVyDOZCTtgONJOlVuAw7b1PuBX3m5SbVRprwhZABkFsHFhwZDZD&expires=5140925', 'Pablo', 'Henrique', 'ph-santo2@hotmail.com'),
(100001280191253, 'AAADUkCMlzxoBAHSyziEWwJqAJ4rGXph5ZAsNtZBMdeGHMh7CAYOeQUZAZAsXPojTGKUwYtAy4CFZCg6dOtiJrbXMNFBlCu2izAIwhIZC9DRQZDZD&expires=5183999', 'Manoel', 'Barbosa', 'barbosarepresentante@hotmail.com'),
(100001296264371, 'AAADUkCMlzxoBAMrYuMUZAAkUMBiluZBRLtiCLKmek8niE7ICUxP7MBFN6455rsW71wGVXkuWJbauxKrI7aM58Bla8XFXD6y3bkhxEjogZDZD&expires=5183998', 'Jssica', 'Mendes', 'jesklaisa@gmail.com'),
(100001458131223, 'AAADUkCMlzxoBAGs5yBNIWluds5irdKRQg4BFjLDoZCcNCuy1W1NCfILApZBz4dgq1BSwK8hZBzhrKQkoVll1HCZAgYx2GTH954PZBw0gMtgZDZD&expires=5183998', 'Kelson', 'Silva', 'kelson_f@hotmail.com'),
(100001543841823, 'AAADUkCMlzxoBADoPZC7ZAM41ZCIJR0k5HGdRjhTm8YJeOXn2ZBkccp4QPE6YQzTm4LelLZCQBOSDV4oWRVubqwbc1GAtaisc2X5fj6HCnkeZAtcXkwRXhK', 'Luana', 'Brando', 'luanabr@gmail.com'),
(100001567431083, 'AAADUkCMlzxoBADJZANKmCUvD4lC50nFZCO2Y12aGmxpt5BkTWCJPb6t96BiNSysBuZACFz4f4nlW4oBcxoolP16qyUmu4n9FHtGfR63rAZDZD&expires=5183998', 'Luciano', 'Inyaco Aranzaes', 'lucianuus@hotmail.com'),
(100001599862159, 'AAADUkCMlzxoBAMqOlaIdBcuDbLjuMWNwA0UeKhyRhjvB7iiDZB3hOfzWlFAKoCL2orn2ZARM2dah9dRKEI0Nrk04oXVuywOZB7EOX2csAZDZD&expires=5183998', 'Erick', 'Passos', 'erickpassos@gmail.com'),
(100001602968614, 'AAADUkCMlzxoBAOmzT9B2jbgEEXxUt0OgtieC5JSsRMhNR7SiLwAJnjVCnEDPzzquOzrcfKzXVUdZCfhvvZBGFLsmL7vi3j97eqMSZCM8QZDZD&expires=5183999', 'Plenna', 'Solues', 'plennasolucoes@live.com'),
(100001635562343, 'AAADUkCMlzxoBAHFKKSZCYD3mlZBc2dKrHfwkEPdF9iBZASZBj8sFb41HQs31pLkhi5Li98fZA9elqRZAkGDWETfCSuCXXNXUaZBQPZBoDc75uAZDZD&expires=5183997', 'Raphael', 'Tataia', 'luizph_sm@hotmail.com'),
(100001644476049, 'AAADUkCMlzxoBAEDjY7nTu3DM3I9cidgowm9uZC4dG4EUE3dWIWzw1cqJzFxW8wSGWmoP0BkysUhr51hG95xoCBB7xfZA6IrYROa8JaXAZDZD&expires=5183998', 'Livia', 'Pessoa Lima', 'liviapessoa6@hotmail.com'),
(100001754446505, 'AAADUkCMlzxoBAFmDnZBiSq1HKgGvSKHx7EhhJm9uiz2VNfkOo9n04qVGZCpNaXVd6x0CKpWXzXnZChEQ6k9r6HWYcs0ZBqijEKRkdBvt8QZDZD&expires=5183997', 'Gabriel', 'Quinto Minchillo', 'gabriel199896@hotmail.com'),
(100001768068026, 'AAADUkCMlzxoBAEOjbqLPbKxas6Wn53nan0YxZC5jZB3ayi3EqF9g5KKplUiM4WsZAkOVupO81UufeomqJZAEoZBVoWFuIU4XaKsZBf7icKqgZDZD&expires=5183999', 'Kevin Andres', 'Cascante Umaa', 'kevincascante1@hotmail.com'),
(100001822348142, 'AAADUkCMlzxoBANZAG6i3lBdf5obOwBPEZB83bgbWo4sH5S661minK3r8ZBCChH60PYiZBk6ot5hkgnvgv9bfivQt15fpixhYvlCY57VHkQZDZD&expires=5183999', 'Marcos', 'Alexandre', 'marcosalexandre03@hotmail.com'),
(100001946749940, 'AAADUkCMlzxoBANpQG3LKZCQlqZBATNgFpJS1mrVni958kOgoGWAeNeI8ZC6icmflpQ6b17xGZBPHqeBDxz3OjZA8PnZAXZC8SgTyj4eyGyNV0lgxsz2c8F0', 'Gluber', 'Abreu', 'glauberiury@hotmail.com'),
(100001966645651, 'AAADUkCMlzxoBAESWn5pP03prdlbWKkKf3A2SzdZAq9XZA9vijQxjbQxUcCIuZAZC0AUzdnimPXivXCBU2uGBZC8hPSx8jikjkUIV9ahSpcwZDZD&expires=5183998', 'Hivina E', 'Lenon', 'lenon_lemos@hotmail.com'),
(100001975337999, 'AAADUkCMlzxoBAJpQt6dhazbhnUNHLyxDR7BRpKBZCBt5l5eRGSTgNWiNBhfrcpK15VdcZCjIkZByXz4bxVJ5gVxo6BddT2paTGV2JVXXQZDZD&expires=5183998', 'Bruno', 'Sousa', 'brunobrunao30@hotmail.com'),
(100001984735537, 'AAADUkCMlzxoBAAlcXs6UtZBirnSXO9n6ZCbFlubCZCZAPFLi9eNaBN4svvpIovDMXEtIkp3lZBKpXX3DvQVesQfitGjq6HaZBFfIY80EiRmgZDZD&expires=5183998', 'Marcelo', 'Bandeira da Silva', 'marcelob100@hotmail.com'),
(100002018572350, 'AAADUkCMlzxoBAO2COR3gtipCHK1hsj9rcJlpjNMHJMI0bSF2ZBNxqqdujrNhXwiMEWj0AFhPOD6GH0XaZBe22ym9KZAUG2CaUpqiQnYuAZDZD&expires=5183998', 'Mauro', 'Csar', 'maurocesarfilho@hotmail.com'),
(100002046119323, 'AAADUkCMlzxoBAA0m8NoZCbZAQ4GcYGcvPig0Yy9irCAYvPDLCjDuSZATzalf15AJ1OXxSutB9Eet5dox4OkBlsuYZCRBBziLe7I2sC4nywZDZD&expires=5183999', 'Acio', 'Santos', 'aecio.solando@gmail.com'),
(100002086177468, 'AAADUkCMlzxoBACVZCG7ZCcbu0XIomR5XYOx52s9acn7SEKwdo93qHjFyej3yP3KIqjAzdrtWbh5p1I0V3XtU2uD0vdwflIm4dD5cImNAZDZD&expires=5183998', 'Luciano', 'Junior', 'junior_lj.8@hotmail.com'),
(100002139642382, 'AAADUkCMlzxoBAOLsIhc6e7nS7nJAp3qcZCQi0l66gRAACstpVGcWuJzCO4QHmlH9ZBfAPH5EJQlQbFOr7J1h7W0dVRxn2Vi6q5jZAQ7dMcbbIplArhH&expires=3630', 'Paulo Sergio', 'Royer', 'pauloroyer@uol.com.br'),
(100002166343141, 'AAADUkCMlzxoBAPbTicfneHp8ECDQQ4xO8hJgrXYlIuuqIZAKM4qFQZB4g0EZBmOJGyOtuQvwxiy2qEIahJARZC4oZB9zwkczAcyAh4ZAQhn3aIxdoFntUV', 'Atanio', 'Emerson', 'atanioemerson@gmail.com'),
(100002174001777, 'AAADUkCMlzxoBACCfcwEZBHu2ADjKFBKYZA4wxiVeeP4KZBaqISPrqZCH8SzHFZAKZBr9Gygv8rTNzcmwsW8WyZCpPGHU2uSzskrtn5F6RcZB1AZDZD&expires=5183998', 'Paulo', 'Vincius', 'p-aulovinicius1@hotmail.com'),
(100002230741006, 'AAADUkCMlzxoBAD0prFhw9BSwAH8ZA829RdaO8hwAm3tRNYxk3gvj7CcuukrDX9HWH3nYYZBZCp7xZCpZBsKUfIdNailc900GAvLpHoSmBGwZDZD&expires=5183998', 'Douglas', 'Santos', 'dodo.canalha@hotmail.com'),
(100002241529666, 'AAADUkCMlzxoBANhYHcoplsCAAR4l2rkR7aDXL9i3wUdxZAuWYv8nIloZCmSZBgVQcIs3X6g9ppK1AwoIN9RtzZB7VvkZCXdknQT7EM05JRla2reOUyQNZB', 'Filipe', 'Raiz', 'filiperaiz@gmail.com'),
(100002296771053, 'AAADUkCMlzxoBAO23EpGcrJLkZC42756445WequXSwTZBFzshAarjpO6NcEZA4JXnEfn8YmNrimCtRNwzaXogaUk1e4WrWNmXerjJcaYzwZDZD&expires=5183998', 'Roney', 'Lira', 'roneylira@hotmail.com'),
(100002303047228, 'AAADUkCMlzxoBAMovB1m4VnnDgRIMLbgitWie5qx6Jnljgcfny3jCOnOaZBZAGbT21fGZB5AcNopGRo0kdoLeD4KVUmWR3RdetOR76QRJAZDZD&expires=5183998', 'Thales', 'Kiyoshi', 'thaleskiyoshi@hotmail.com'),
(100002305103714, 'AAADUkCMlzxoBAA5cGRHjyE6jqM7T9MiyiX7di7vHl01yx2hCLVoIhByIZBMOlcmwbU1YGGTW912ydlPqpjRKh7dRDac8ZB7r6KCt0WU0xASjxPmlWM', 'Carlos Eduardo', 'Silva Araujo', 'carloseduardo.araujo@hotmail.com'),
(100002322151330, 'AAADUkCMlzxoBAHkGunyNt0VHw9R3mcGZCablPVkRQpUmbVnc09cUAf9Vqn4b6GwJZCYIWKFgHbZABjDiETF1UGz0aewwBeUM9Edabp4mAZDZD&expires=5183998', 'Tales', 'Noronha', 'taleshnoronha@hotmail.com'),
(100002402880745, 'AAADUkCMlzxoBACZB6YGPZCSlrtKQGVcYfQZBEZBOZA5o2ELJUITM4E2t85zLvioDCZAgcwHvr4c1oBuMKgRLZCnO6IkZAVcGZCZC9GfwTiyDcrxwZDZD&expires=5183998', 'Jardson', 'Gadelha Nobre', 'jardsongadelha@hotmail.com'),
(100002427769999, 'AAADUkCMlzxoBAEvQFQVuHZBZA1xqqUZC7TZBUZAkQmUIp6MXwr8q9hnpq6obM7NXa4XuRfICSXH5hp1zC10s9ZCiKEqk3KbwbueyTYSuO0jNDq6on20h1S', 'Willames', 'Silva', 'willames_silva_ribeiro@hotmail.com'),
(100002428967554, 'AAADUkCMlzxoBAIhA9W6Ag0HVjJiqZBFj2QLdBJxfgz9A44ZAwhbJfZADPsSVYWDTFZBodaAveUzvCYbpbCNt5HZCeMBdmfi383uxrmsLJgQZDZD&expires=5183999', 'Joo', 'Pedro', 'joaopedro201141@hotmail.com'),
(100002450230439, 'AAADUkCMlzxoBADZBaBmZBZCPWLkJoZAwty7zJPTIZAqPBaDufps7a0fWD6Dxy9n6lwUgKjBmWpqMpoGu7L9GLG7yr4mZB0LMKIA1weZCIfbQQZDZD&expires=5183999', 'Higor', 'Santos', 'higor_saopaulino@hotmail.com'),
(100002526182567, 'AAADUkCMlzxoBAPQnViPTkZA5pxLJYOia4wi01pVdO9Ta5yMaOU2bnqcaOs6I8tWk3e8rxCE1iRh6F3vilZA8AkSUTZBHwbwXDDAE3VfWba8SN179vJm', 'Paulo', 'Machado', 'paulohigachi@hotmail.com'),
(100002531003680, 'AAADUkCMlzxoBAHJLR2IWTRwHW28ZB8ntkz695JGLogHttGElAbx456MZBYCZC2HsQ2TcrbFFlXLsD9hYvh9KbVihqxSeknlZBASEVVQqBAZDZD&expires=5183999', 'Juan', 'Robaina', 'juan-robaina@hotmail.com'),
(100002540438249, 'AAADUkCMlzxoBAIZBfhXgLs2JnDNvRRQLc75OIuNmTfzZASKBf965uyGD4H5OpNzc2ltZCZBgcUeCm2jFiHHBdPTWszVNfbGOXvyaTrXqEwZDZD&expires=5183998', 'Davi', 'Alvarenga', 'davialvarenga@hotmail.com'),
(100002561910346, 'AAADUkCMlzxoBAA5Q3dKdvFYqSMKOZBV6vpLZAZALx5CnxSwZCdjZC0vyMl7ZBzohWBsqQGrcND5ZBq8VL7GurEBQu2gepvhKKbnM11pHsZBIhAZDZD&expires=5183997', 'Yuri', 'Peixoto', 'yurigostozao@hotmail.com'),
(100002565012482, 'AAADUkCMlzxoBABwccz8LCisqnSZCGzLBqqZBmfgLlZAN5b8rgdSUdPCzvOI90gdZCBPmxs5iozp8ns5ZBOwGvwn4uctgopW6VNzKgQjXsGwZDZD&expires=5183999', 'Camilla', 'Lima', 'camillageo@hotmail.com'),
(100002575172443, 'AAADUkCMlzxoBAJnkYtuZAU431TCBrmnWcWxQhkwp0wqI96RCBBFi3s6bXHZCVSlkSGOivX8HljdTcyQ42aUAzse872cpzgDmlNQEwENQZDZD&expires=5183998', 'Venancio', 'Castro', 'ven-ancio@hotmail.com'),
(100002645401521, 'AAADUkCMlzxoBAFrUKegfk2DuGmZAHjlzEL798wzAWZARGe20RupV5810nWjodhB9tG9bamnhkpL3ij7Rb9kWCUv4x5Jbf7RbJTA1vcIQZDZD&expires=5183997', 'Ramon', 'De Oliveira Silva', 'ramonpalestrino@hotmail.com'),
(100002647094215, 'AAADUkCMlzxoBAM63V6xNv1Kj3j8ZCuiTz3ccUegNJxW2AYgns4XNRDExiGOMo5rMuVCntNwuPHiZBseN7Rz3sWkDPvcgiiMhlcJkuKDAZDZD&expires=5183998', 'Lauro', 'Amaral', 'lauro-gatinho16@hotmail.com'),
(100002667370452, 'AAADUkCMlzxoBAFZALc91cxjm7jq7pQkljtXijM279kZAWZA9cDQxEdZAKka1mjdRjOTyVRTz7BW2KjgrGLI2bhqgZCay98X5LQ2CaRCHZA0gZDZD&expires=5183998', 'Guiga', 'Oliveira', 'guilhermeratinho.oliveira@hotmail.com'),
(100002718645272, 'AAADUkCMlzxoBAFRd60P8kuFFou60gQv5mVWZAW22XE8ZBqIlT4ZB31TzvNgOuZCqcuq2Ru9ZBxUcUVKuEZAwWr9eZCGLP6o5ikfo4I8liyZBGQZDZD&expires=5112468', 'Andrew', 'Afurah', 'andrewdelano99@yahoo.com.br'),
(100002739440357, 'AAADUkCMlzxoBANMpr81antW2JG8go7tMESIIGiqQtyN4w57ENDXh520CtDZAHCspusmxSL5FIwAeIGlZAGh7nhXWVpHX5iPyZBkK85lKgZDZD&expires=5183999', 'Marcos', 'Vinicios', 'marquinhos_vasco2011@hotmail.com'),
(100002755402115, 'AAADUkCMlzxoBAJoHKtYCsi3kHAWmzj4BOeiKAlWnFHBVP0A8ffIPDKkdVFGYfxMGdxwAGV0E6GXEBtOj74LOsqq9EKHnHLNScJwdwQZDZD&expires=5183999', 'Saray', 'Villalobos', 'sarayvilla09@hotmail.com'),
(100002821308942, 'AAADUkCMlzxoBAFFJZBgYJ704sJSgZAxxN4qjaDBUjxtjRXfaw04QzrWLbAziqQRSpXKAg3gSAcfjR1dSJ0pFoEtQZC4XvGc6Dwm11z3BwZDZD&expires=5183993', 'Mateus', 'Vinicius Tomazela', 'matheustomazela@gmail.com'),
(100002859559876, 'AAADUkCMlzxoBADoDeLk6CxmloakBuMoJgaN28ZBVNKPCp7it5Q427m1FtJ6SLRykchoTNU5M5Lvw1o6z2FC1a9e26aZCqbqyh1MLo5ZCAZDZD&expires=5183998', 'Renato', 'Calle Arredondo', 'renabacan@hotmail.com'),
(100002911831338, 'AAADUkCMlzxoBAN9dogDxDvM8ypu2mnZCWRHAfCtdJFZBXsmrfna2yXfZA76it3bgqxGvFDgVWMTmfLlZCaHZAOsFQM7SfBySWSYKLgxl3NwZDZD&expires=5183998', 'Elton', 'Junior', 'eltonsjunior@hotmail.com'),
(100002950669625, 'AAADUkCMlzxoBAN3Do2wwY6zd6sl6myEqGZBrS2gBG25Bd4rHVA0SdM4ZCA7Ww6NtTvw1H1UY3bJhEyxEhiRZBwFAwHye5X2hlCAWWOXlgZDZD&expires=5183999', 'Vitor', 'Morais', 'joaovictor97_vieira@hotmail.com'),
(100003026521581, 'AAADUkCMlzxoBAF2artYogsNtMEiBSaM8UGc1qlqSMDPuvCi1FmpP0YHMl1ZBfeN5KKcrvSooImEkiQwRQTjeinYUoIswN6kpgHkgzRAZDZD&expires=5183998', 'Mateus', 'Rodrigues', 'romat_pereira@hotmail.com'),
(100003039426484, 'AAADUkCMlzxoBALjhow02wZCQUfXAK8sjphXvNvjZATeAGtFQImYHocXZCZBFB60ZCR674wqZAT7ZBYytU8ZCI2i3PDCIIB6CXivnfVWWAYuLAQZDZD&expires=5106236', 'Talisson', 'Ferreira', 'su.baza@hotmail.com'),
(100003059446890, 'AAADUkCMlzxoBAIPJX0lEnI9y49gElxo8LcJ3OOSDeRUv9cHCL0qZAZBo3U4ZAEHAvsUTM8s4onamx8tOPLZBm4HT7E96JGnXuY8IeadslgZDZD&expires=5183998', 'Ishac', 'Calixto da Silva', 'ishaccalixto@hotmail.com'),
(100003076970343, 'AAADUkCMlzxoBABt528SODwGaOfc7fXmZCQsEjgc5CmJnZBzra3VTmypczunv9glvZAxpJpXlzlRcZB55joqRPrzFZCxr2nuabnTfZCKOVXjQZDZD&expires=5183998', 'Jamilly', 'Raydene', 'jamillypukete@hotmail.com'),
(100003137584745, 'AAADUkCMlzxoBAOjZAfOZAcfd9kqYqy04jARZBu8M16y7q8BSzeZCbNKC1xZAPdSyygjH6T7ZB1kJDZBzx8CJ6ay1c7qKZADIKJFgXlkxjGZAlZAwZDZD&expires=5125820', 'Allan', 'Santana', 'allan_os2@hotmail.com'),
(100003200405633, 'AAADUkCMlzxoBADN7FNQuLrzIXwI6tvgUcOAuEZAYIrgsAp5cAOqsSYinpyf5N9nVPezpcv1X9gyIiM0VMQVuljcbouRtVAXZA8r4gAGgZDZD&expires=5183999', 'Eduardo', 'Moraes', 'eduardo_moraes_@live.com'),
(100003221698105, 'AAADUkCMlzxoBAEopmjvODr9QQgttTCFeN3FL12G4I313NIMVGi67XAiT0BMlRwssAe0A7wrnQdjOmI1sLzm749nwVXZAxilYdqx7w5AZDZD&expires=5183998', 'Clecio', 'Sousa', 'clecio_css@hotmail.com'),
(100003243261927, 'AAADUkCMlzxoBAADHaY5pDSRr3woZCHi5dePCVORyCUo3ao2RV1xZAyvIiAT7QdJimHZAk57D5EZCHHCXEQBq0Lay6D24mixAZCiiZAQHL63wZDZD&expires=5105425', 'Lucas Isaac', 'Amaral Moreira', 'lucasisaac_10@hotmail.com'),
(100003298062636, 'AAADUkCMlzxoBACdbUut4oyHVezq9NXoPzBHUgZCr0gIYM6NCKCBL4gBBXdx9wNQi47RjrbxGwbeaynwZARuS6zSc0a9p5mhZBPGfYTcvgZDZD&expires=5183997', 'Alexsandro', 'da Silva', 'alexsandroshowmen10@gmail.com'),
(100003309231411, 'AAADUkCMlzxoBAIhtunHYSFZBNOUkPUUuuJaIh3y60HTSE0p3rSTow0X6Ca8lxLooUyfn1f5i67KD7JsUmPtzCuizYVCMjkl74lJ46GwZDZD&expires=5163542', 'Arthur', 'Bonfa', 'arthursacho@hotmail.com'),
(100003339146992, 'AAADUkCMlzxoBAKZCn7BOzsyocLtw2yl2fIj7fZAyaxxYPwqKZAH3ozIpAWZC4GfCWRoS7939PpelNJKZAZB4dkjhRZAVMh0Hxja5BSCl1aQTgZDZD&expires=5183998', 'Izah', 'Santos', 'soizahan@hotmail.com'),
(100003353842472, 'AAADUkCMlzxoBAIMZCMgaIOxCe4TZCETQUPZCzdtrEU0xzH4I4OcvuQ4fJ1GbqtnhssZA3wgNgPOEUALlPfmMyoqWGT6JsORXdGuN8GV1cAZDZD&expires=5183999', 'Andre', 'Ribeiro', 'andre.kot_@hotmail.com'),
(100003377283426, 'AAADUkCMlzxoBAPnXRthNMJJk0Uex9tDJynwaA4hINUoftNABeEkOAkZCETLZCSk1rIJorvi5AJEVRZCskWNZAv5fB4hzWNWSB4ZBXy8kWWAZDZD&expires=5183999', 'Gabriel', 'Martins', 'biel.city@hotmail.com.br'),
(100003450831660, 'AAADUkCMlzxoBAP0qKMHxliE4dT5uIMgNXQA3LQOxImMEu8jLcKJBtQyYPCMErzUy339ZBhfOXJGJsDySKMYCIb34Bdw3RGAbcVmnYeAZDZD&expires=5183997', 'Caio', 'Vinicius', 'caio.10.vinicius.ilha@hotmail.com'),
(100003467166654, 'AAADUkCMlzxoBACY6RBqxMpZCdmcdyxPvbVvCi09ayoOkEmMEBRKYwlEvvQfTFHPQgZAbVUXyCrwfqekDepGZBthHCmFj38OLhn86PpEmgZDZD&expires=5101631', 'Leonardo', 'Silveira', 'leonardoaugustussilveirakuhnen@hotmail.com'),
(100003476093190, 'AAADUkCMlzxoBALCcSFiiYl8svM4xOE7sSWJOmKhNXBoIzB9tZBgKNs4T2vZBNiuLPZA4ODtswRE4sQqZC8974Yr4O4Mxs2415qHZCGSBCtAZDZD&expires=5183999', 'Thiago', 'Santos', 'thiagruts@hotmail.com'),
(100003489131091, 'AAADUkCMlzxoBAE3M4ZCZCYQovhBLK4aJ6QuvWzP21H8zrnHS115ljdbGw8TjKnVUyA1y3vxoMvjpS4MLfshZAaJzjikZBtnk4SywhfqNigZDZD&expires=5107960', 'Daniel', 'Santos', 'daniel.jago@hotmail.com'),
(100003493015109, 'AAADUkCMlzxoBAFFi48ZBkVZCvMC7kUTFMLz8QSxkejQ75IuTI2CJ00sx5yxrvIeTHGvtiM1W6fLiV7s2PsDzSVwhZARZCRBiiCqRZARcrFAZDZD&expires=5183998', 'Jardel', 'Barbosa', 'jardellbarbosa@hotmail.com'),
(100003527600324, 'AAADUkCMlzxoBAFsXq8bwujjF6P51Mj6sdgYyMZBlinoGQz1QS8FAa482f7hSk0ceNRJ5btSBWtZBuwg6EVZCZBWVkyN7lIlyjsyo7ZCjBIAZDZD&expires=5183997', 'Rmulo', 'Noronha', 'r-noronha@hotmail.com'),
(100003537970612, 'AAADUkCMlzxoBAN3MAGxN8g0UZAEBJqRFL0RR12Tk0cXHG7P2UCDQSE8fPZBFGr6Kwz5NgsfqqLlBw8d3uQGSeKCyoZCSlUS7nyOYZC8XqAZDZD&expires=5183998', 'Richard Marks', 'Silva', 'richardmarksjp@hotmail.com'),
(100003554173171, 'AAADUkCMlzxoBAEQ7YmQuQTy78IA3I5oDo7jsjZC3fVTscWOGbfgDV9hdl3bIy9pzQ5TZBUD851VVXpSqnTPCtu99Fun981ZB1EO93rWEQZDZD&expires=5183998', 'Matheus', 'de Azevedo', 'matheusazevedo92@hotmail.com'),
(100003558519211, 'AAADUkCMlzxoBANTaJ301VuYMfuFEoZBeRYd3Rn8e0egf017cwPtCQxehL8XCuMci66946nmLldQZC8DZCgu7UozLqnDF3X0ZCqRVTJRsDQZDZD&expires=5183998', 'Atos', 'Borges', 'atosapolo@hotmail.com'),
(100003560743021, 'AAADUkCMlzxoBAPV4vbkaHwoFFwzJOZC8I6Q0nMDbkv0RwjBcEbDKUTFEtuGgLqJZAAL1pandmCSY1CSVpHSmaANu95AouhQRlB9dLv0gZDZD&expires=5183998', 'Luiz', 'Felipe', 'fel.pe.buiu@gmail.com'),
(100003563078838, 'AAADUkCMlzxoBAC9zJ3kbLaSi2ZB4pF7SP1wYrdyKcAEwIfUpSV6V4Vc2ZBX858KCmZAHZA6At7mZC6MMQOW3BZCqpXd6sqfs1iwic0oZCdZABwZDZD&expires=5111161', 'Tiago', 'Tavares de Melo', 'tiago.melo190@hotmail.com'),
(100003616428848, 'AAADUkCMlzxoBAIL5xGe4dFZAu9vmi9McAd8BBVsI4aMZBGSgRR9ZC3mPPvD4VV8RHcnvqLkBx2arGSfgJmVmRIGE8q85SBEhJfY1ZCZBa9QZDZD&expires=5183978', 'Rondinele', 'de Castro', 'rondineledecastro@gmail.com'),
(100003626711219, 'AAADUkCMlzxoBAHPBrsQZBzNMNLxmRtZAUtlhGfkRM4jqs1rxrZCMcbbuRcwPZBHmQDrDOOqzm2PjXySyBADLiJBUeZApm14QgQwJhHmgiMwZDZD&expires=5183998', 'Luiz', 'Paulo Soares', 'luizpaulotecosoares@gmail.com'),
(100003644218362, 'AAADUkCMlzxoBAPRvZCVTGfypiWQkFlf6WGP2eo8iJCAVKTWRnV8dZAGZAetmqfZAoPA6KJiDNjqaY8N6MNAs9Dxecy7Ckv93RMycZACRX3wZDZD&expires=5183999', 'Wesley', 'Menezes', 'wesleydejan@hotmail.com'),
(100003654227143, 'AAADUkCMlzxoBAJAZBprTe2TE1mZC93LYLwMDr6JKIq3Rl685T65IoCam7toqiGYTl4URZAl7SmogpuTfZCbKKLzbHQE0Cy00KV2zHyvaiwZDZD&expires=5183998', 'Ryan', 'Danilo', 'ryandanilo07@hotmail.com'),
(100003660012064, 'AAADUkCMlzxoBAApw0Ok631PYCDqYxtN0I66ZB7lVTHZByG4Hmo8VPG2GKBwH5ZA2tSwwjk5MVXIHR4TTqCVEvDmoBndO8azUeHaeON6LCVe7RQJx1qo', 'Auth', 'User', NULL),
(100003700180063, 'AAADUkCMlzxoBADraN3gMyOQJpVVu1yoaRnBvaLPsGjZBR915wUvMo6pTqZBCn93wWtvB9ZAFkd0UTZB3poivZA2rxPcIKoBYJBms1mGVZCkwZDZD&expires=5183998', 'Danilo', 'Jordo', 'danilojordao1@gmail.com'),
(100003715017558, 'AAADUkCMlzxoBAAMNZCSfmBKbLzyXSySBz4YjDhE2REWseDO8LVkCWyoAuwrfWSEzc6SfniDrF96nDde8RcbW57bXYfLO8XNusxs0DymNBNOoauGoy&expires=5751', 'Daniel', 'Alves De Sousa Neto', 'danielneto_sjj@hotmail.com'),
(100003722117751, 'AAADUkCMlzxoBAMQcZAYiVMjZCKtRz3koYdpqks21g7dwfPeYjJFLYGgI0ZAyZCeuBn5ZCE77YS0OsDHZApP5jBLiqBDjj1XayhM3FRc2ZA1bwZDZD&expires=5183999', 'Julio', 'Lima', 'juliomanoloko@hotmail.com'),
(100003733881875, 'AAADUkCMlzxoBAEx5ZCxkhhQ17EydK2AU8JQfwKUZBPwqP2KrwPXByKUEYZB4eXDBzoXbewwdNz1xoY95ASqXu23Pq8oZAof9qMViqWHhEgZDZD&expires=5183998', 'Ruhan', 'Hulk', 'ruhanilda@hotmail.com'),
(100003738584069, 'AAADUkCMlzxoBAAlVIIZAsfJen2HegHFo8sB35CnUcJZCZClix1k22M7XWZAWlsGbj8PMqdF5xkHiX7fc24E3M2FPjqXQ7iomMbjNz4cs1wZDZD&expires=5183999', 'Andre', 'Luiz', 'jurubeba.andre@hotmail.com'),
(100003751732581, 'AAADUkCMlzxoBAFCTVr25ueOlQ8DZAZALQZA3DDwb2FBvU4AxC2uiFjxXDhjx8YajZBfktbLqPPXAbvUkeHbafBDtT8bcQ63M8tlutFkY2QZDZD&expires=5101672', 'Wallyson', 'Leandro', 'walison_2012_cearamor@hotmail.com'),
(100003765722157, 'AAADUkCMlzxoBACya454ZB012c0OlNZArNBRvqXBud3hgfZCyUU7CfstkZCIkTKZAokPZB6BVIwEiMSrvAM6SdlVJbdG0JquZBJgJ9kO6GS0qAZDZD&expires=5113730', 'Everson', 'Alves', 'everson_alves98@hotmail.com'),
(100003766503459, 'AAADUkCMlzxoBAANla5mZBdj8flrSUbY1ZCHnf78Gk4BoNCAiE6kKPkJCA71QqDtDJuPzf5QYSv8ZCm4ibUZBQ1tgzbBbwwLxxAhUebzYvwZDZD&expires=5126071', 'Lucaas', 'Sousa', 'lucastimao.souza@hotmail.com'),
(100003771295205, 'AAADUkCMlzxoBAPKqLyFLcBEKGvJZAYhf2XIjSazNpvQzMckJDHyVIqmEMIN7rwQZC9mFA8oY6TuC7CO1nw9CbRfd2SDrkjAxUDkpgBlQZDZD&expires=5183985', 'Erick', 'Moreira', 'erickmcr@hotmail.com'),
(100003779970287, 'AAADUkCMlzxoBACE4zN2dMAikjiv62p2Bq4HslJgOPIW94KZAwZBV5DJTzLC6KL06pggNzf3fRXVMXKjZCwoL7sV1MBVc45NUVOPdJ2kSQZDZD&expires=5183998', 'Feernando', 'Rafael', 'fernandorafaell11@hotmail.com'),
(100003808389507, 'AAADUkCMlzxoBAOhZAopni8vQedEFigBsfU4pgVndDUmy02IQ4qMMWZBv7WGlW0VLdZAlp715OzthIe1FfUjIojZC8lqoEAWtJ8RfG9mZCcwZDZD&expires=5183998', 'Joo Marcos', 'Santos', 'j.marcosdafielpv@gmail.com'),
(100003813769940, 'AAADUkCMlzxoBAEE3j8PbZAR8UZAbk09zjieuXVS2BxPVhHLnxKmQ5ZAqos3VavZC99ZA3F0I9FfCDTTQxJQmltY9ENexWpYOOV7bdFTbAwQZDZD&expires=5183999', 'Israel', 'Araujo', 'araujo_israel@ymail.com'),
(100003844397409, 'AAADUkCMlzxoBAATHCcWN5qDK5fjKYCWdrXlgXWHffO5054TmyTuXfb2o3vyLaFqsaxFe7ALhi36v0MHrZAzaHZAA57ZCPiLVXXID5v3lgZDZD&expires=5183998', 'Matheus', 'Dos Santos Lopes', 'lojinhadomatheus@gmail.com'),
(100003885405841, 'AAADUkCMlzxoBAJhvZCDQMrCybriABeti2hywo7dtNpj6bYluqwvVskGEKuKHY2kfd8lZBb7pIwv5CrjrkpmfDB11WrZAa1mok7hKGqMyAZDZD&expires=5183998', 'Breno', 'Serra', 'breno.serra@bol.com.br'),
(100003896785794, 'AAADUkCMlzxoBADxlYdqKvhqBemrdQ2MuxrmW9vBZCOIfIG1ppx4ddMlyjPY4XzpmygWnnbZApA1cjs4GVJUm26DLek0QfYPt1SsmlfVQW07a2nSxIk', 'Jlio Csar', 'da Silva', 'juliocesar.silva00@gmail.com'),
(100003923322140, 'AAADUkCMlzxoBABTBHcBtZAohFVZBFEF0Q8exJEo8dEnWwZAIR2G61Td3xn93QZA3HnRuxgHXhMhy2wCCAWE0PZCF5zAyQQwt4lvQSA6wCwQZDZD&expires=5183999', 'Brandon', 'Juarez', 'gorrion_brann@hotmail.com'),
(100003926816453, 'AAADUkCMlzxoBAFJ1fZAsiQTFy7ZBCju0gEcC3QCxaAQLp8sgXH7F7LZClIzo7Dg8xtInUCfoDyuCeLFh9y1ZAAT0LXmKtZBZCSpP8lyuiUmQZDZD&expires=5183999', 'Eduardo', 'Cruz', 'luizdudu17@hotmail.com'),
(100003946673571, 'AAADUkCMlzxoBAIEVRLMBFQG3cXrUDflIo1XOFgBQJk2g91ZAy3xBcY8kOLbO8V1ONHcV5Push4s2d3MfStgZA7L4AnNgCfBFn2hKOtNwZDZD&expires=5183998', 'Mesut', 'Ozil', 'mesutozil.ozil@hotmail.com'),
(100004000247225, 'AAADUkCMlzxoBAIzmRF4eIKiFWWDMVfCeg4fZAdRZB9lN3NCDcHvfA7l4ZAvhXnQsQ6a4RZAH7Ca9GnnCgYfoWe7Nvgt3mDM1uLg8InfsAQZDZD&expires=5183994', 'Baadshah', 'Shenshah', 'baadshah.haha01@gmail.com'),
(100004005918354, 'AAADUkCMlzxoBAGlC1QFrxTAqaChDavmkQ0cRZBDNcnZBu1XqrrFNZBsshykCc6OeThqQInRTXOHg5bsBtTAEclW19R8jVlJvzZBmRCuxKQZDZD&expires=5183997', 'Joo', 'Pedro', 'menegaverdao@hotmail.com'),
(100004013875958, 'AAADUkCMlzxoBANzf1z1QbQV1Dm8PTlrNBxN8J8NKOJDZAQHPW1wQ8jMQAhBZCjNyPmUxKd6AV2UCtkz1QpfCdEZBPhviFNb7KWRqrNlJwZDZD&expires=5183998', 'Juan Felipe', 'Marin Molina', 'marinmotors@hotmail.com'),
(100004020859628, 'AAADUkCMlzxoBAOuzZCaeqwZAgrGYkElH1BJiS7qS01uZCgQtFYVneb2NlhaTTj1IneWRV76pzNqAebsdv2xFys46RNKfbsk1xzAyNEZCywZDZD&expires=5183998', 'Marcio Cesar Simonatto Juninho', 'Jnior', 'mc_simonatto@gmail.com'),
(100004046302666, 'AAADUkCMlzxoBAK5SMLtq2zwHTSMZAcCr23tOjVzzWNWowe0ZB88ngriZCR6Eto3eGev1479l8KmycIrXlxJduQynVUYBP0ZAFCY7rZAkknAZDZD&expires=5183997', 'Fernando', 'Dantas', 'fernando_dantass@hotmail.com'),
(100004048765780, 'AAADUkCMlzxoBALO4nWkk3qRvLBBjAIP1F1w2EMZAZAH1SQV2b1tUPac9RplR1EWpjx2YAh5MJjPOh0VuqcQvYXAQuZCnb9KLZANIDeRitwZDZD&expires=5183998', 'Felipe', 'Moreira Fulgncio', 'felipefulgencio@hotmail.com'),
(100004069275214, 'AAADUkCMlzxoBAL1slhjnI3P16C1ZCoS8k7D9ZB9oUMTl188O2uMAC5XVzTtEsoZAMeGg2hTw4ZCXLdxLUczfZB3F4pFoyoVqOnwaKbiqZA8QZDZD&expires=5183998', 'Lucas Alves De', 'Lima', '_lucaslima33@hotmail.com'),
(100004078609786, 'AAADUkCMlzxoBALXHSCgzpBMt4HrmK8Ynto9o1LbEfElGHEiL1vVjXeZBKhx1kTHc8XEN7wckcsZBZA8LHYJdXEyrjTdjAqFOIxkfaspk4rImgo5aICW', 'Harry', 'Fallerman', NULL),
(100004099369679, 'AAADUkCMlzxoBACWFky3T6dzzhU6PbJkze1OoL4TpKnlsTttMe7ISJUnryP7NUinol3xDIgGNYfcbN0TI3oIwnZB9WC46IsZAzhTrdecZAqsoltX7Fsv', 'Bob', 'Valtchanovman', NULL),
(100004101589014, 'AAADUkCMlzxoBACSxrCTiZC8ZB0ELBOTh5Sdq7X3GooQO8kWyrt8akcvB01qhtn7m08G4ZAf2ibK11mimfGdKHvsHbRp5cqeKz2jQVs46QZDZD&expires=5183999', 'Jarlison', 'Silva', 'jarlison.manoel141@gmail.com'),
(100004132051229, 'AAADUkCMlzxoBANaLgsIqu6rpdpXXyZCp7Se7QZB4BppMIcMPPk1UmqAct9zuieckom9O5PZBbaDN9sZByDTs9YunmqlPT2hwFVho4YV0PQZDZD&expires=5183998', 'Igor', 'Pazza', 'manoiigorgato@hotmail.com'),
(100004162299409, 'AAADUkCMlzxoBAISLqMA8IQL726lGivWcovO7O2PqFVZA6cyGVbF0wkQmfViLjzR6io57inGe8X5ZAJcBRpR6eZC4oW81NRCH6EgleLDMeHForjPLq8y&expires=5432', 'Teylor', 'Luis', 'teylorluis@hotmail.com'),
(100004166701503, 'AAADUkCMlzxoBALZCqmBrxFWpX0vxqJDAyxmLjgvpv80IoxIWlEGQb1rMN5jSEI9pRLw2bYRA4w5LLIXjDSqZCZAqFHhtFyiR0GyG6zmsQZDZD&expires=5183823', 'Leonardo', 'Severo', 'leonardo.severo2001@hotmail.com');

--
-- Restries para as tabelas dumpadas
--

--
-- Restries para a tabela `aposta`
--
ALTER TABLE `aposta`
  ADD CONSTRAINT `FK_aposta_campeonato` FOREIGN KEY (`campeonato_id`) REFERENCES `campeonato` (`id`) ON DELETE CASCADE,
  ADD CONSTRAINT `FK_aposta_jogo` FOREIGN KEY (`jogo_id`) REFERENCES `jogo` (`id`) ON DELETE CASCADE,
  ADD CONSTRAINT `FK_aposta_usuario` FOREIGN KEY (`usuario_id`) REFERENCES `usuario` (`id`) ON DELETE CASCADE;

--
-- Restries para a tabela `contadoraposta`
--
ALTER TABLE `contadoraposta`
  ADD CONSTRAINT `FK_contadoraposta_campeonato` FOREIGN KEY (`campeonato_id`) REFERENCES `campeonato` (`id`) ON DELETE CASCADE,
  ADD CONSTRAINT `FK_contadoraposta_jogo` FOREIGN KEY (`jogo_id`) REFERENCES `jogo` (`id`) ON DELETE CASCADE;

--
-- Restries para a tabela `jogo`
--
ALTER TABLE `jogo`
  ADD CONSTRAINT `FK_jogo_campeonato` FOREIGN KEY (`campeonato_id`) REFERENCES `campeonato` (`id`) ON DELETE CASCADE,
  ADD CONSTRAINT `FK_jogo_rodada` FOREIGN KEY (`rodada_id`, `campeonato_id`) REFERENCES `rodada` (`id`, `campeonato_id`) ON DELETE CASCADE;

--
-- Restries para a tabela `pontuacaogeral`
--
ALTER TABLE `pontuacaogeral`
  ADD CONSTRAINT `FK_pontuacaogeral_usuario` FOREIGN KEY (`usuario_id`) REFERENCES `usuario` (`id`) ON DELETE CASCADE;

--
-- Restries para a tabela `pontuacaorodada`
--
ALTER TABLE `pontuacaorodada`
  ADD CONSTRAINT `FK_pontuacaoRodada_campeonato` FOREIGN KEY (`campeonato_id`) REFERENCES `campeonato` (`id`) ON DELETE CASCADE,
  ADD CONSTRAINT `FK_pontuacaoRodada_rodada` FOREIGN KEY (`rodada_id`, `campeonato_id`) REFERENCES `rodada` (`id`, `campeonato_id`) ON DELETE CASCADE,
  ADD CONSTRAINT `FK_pontuacaoRodada_usuario` FOREIGN KEY (`usuario_id`) REFERENCES `usuario` (`id`) ON DELETE CASCADE;

--
-- Restries para a tabela `premiosusuario`
--
ALTER TABLE `premiosusuario`
  ADD CONSTRAINT `FK_premiosusuario_campeonato` FOREIGN KEY (`campeonato_id`) REFERENCES `campeonato` (`id`) ON DELETE CASCADE,
  ADD CONSTRAINT `FK_premiosusuario_usuario` FOREIGN KEY (`usuario_id`) REFERENCES `usuario` (`id`) ON DELETE CASCADE;

--
-- Restries para a tabela `rendimentotime`
--
ALTER TABLE `rendimentotime`
  ADD CONSTRAINT `FK_rendimentotime_campeonato` FOREIGN KEY (`campeonato_id`) REFERENCES `campeonato` (`id`) ON DELETE CASCADE,
  ADD CONSTRAINT `FK_rendimentotime_time` FOREIGN KEY (`time_id`) REFERENCES `time` (`id`) ON DELETE CASCADE;

--
-- Restries para a tabela `rodada`
--
ALTER TABLE `rodada`
  ADD CONSTRAINT `FK_rodada_campeonato` FOREIGN KEY (`campeonato_id`) REFERENCES `campeonato` (`id`) ON DELETE CASCADE;

--
-- Restries para a tabela `time`
--
ALTER TABLE `time`
  ADD CONSTRAINT `FK_time_pais` FOREIGN KEY (`pais_id`) REFERENCES `pais` (`id`) ON DELETE CASCADE;

 
  
  
  
  
  
  
  
  
  
ALTER TABLE `usuario`
	ADD `time_id` int(11) default NULL,
	ADD CONSTRAINT `FK_usuario_time` FOREIGN KEY (`time_id`) REFERENCES `time` (`id`);
 